8410199021069;Doritos,;Doritos Tex-mex;Snacks;167 g;Metal;Green dot;10
8410637112014;Inés Rosales;Original Sevilla Torta;Snacks;180 g (6 x 30 g);Papel;;5
8480000511942;HACENDADO;Quesco fresco cabra;Lácteos;250g;Plástico;;15
8410109003178;Valor;Chocolate puro con almendras enteras 0% azúcares;Snacks;150 g;Metal;Green dot;10
8480000135025;Hacendado;Maria Dorada 0% Azucares Añadidos;Snacks;400g;Plástico;;15
8410221110150;Licor 43;Original;Bebidas;200ml;Vidrio;Green dot;0
8480000607225;Hacendado;Chocolate Negro 85%;Snacks;100 g;Metal;Green dot;10
8410014477750;Nocilla;Nocilla chocoleche;Snacks;360g;Vidrio;Green dot;0
8480000512291;Hacendado;Queso fresco quark;Lácteos;250 g;Plástico;;15
54492653;Coca-Cola;Powerade Ice Storm;Bebidas;500 ml;Plástico;Green dot;15
8480000141514;Hacendado;Galleta rellena de crema y recubierta de chocolate blanco;Snacks;23 g;Cartón;;0
2000000145637;Hacendado;Yogurt natural de leche entra de cabra;Lácteos;125gx4;Plástico;;15
4006084000956;hacendado;Barritas de sesamo;Snacks;75 g (6 x 12,5 g);Plástico;;15
7622300631574;Milka,Oreo;;Snacks;100 g;Plástico;;15
8480000641663;Hacendado;Cocos;Lácteos;350ml 240g;Plástico;;15
40345154;Nestlé;Kit Kat;Snacks;207,5g;Plástico;Green dot;15
8410500012861;Danone,Actimel;Actimel;Bebidas;1188 ml (99 ml × 12);Plástico;;15
8480000668516;Castelo de Moinhos;;Bebidas;750 ml;Vidrio;;0
5449000131805;Coca-Cola;Coca-Cola zero azúcar;Bebidas;330ml;Metal;Green dot;10
3017620429262;Ferrero;Nutella;Snacks;825g;vidrio;;0
8480000209085;Hacendado;Proteínas natural;Lácteos;4 x 120 g;Plástico;;15
80052760;Ferrero;Kinder Bueno;Snacks;43 g;Plástico;;15
8000500003787;Ferrero Rocher;Ferrero Rocher;Snacks;200 g;Plástico;;15
8480000348173;Hacendado;Palomitas pipocas;Snacks;315 g;Plástico;Green dot;15
8480000125330;Hacendado;Choco fundir con leche;Snacks;200 g;Plástico;Green dot;15
8480000227805;Hacendado;Crema Queso viejo tostado;Lácteos;150 g;Plástico;;15
8480000651471;Hacendado;Chicles sabor a menta, con edulcorantes sin azúcar;Snacks;45 g;Plástico;Green dot;15
8480000336408;Hacendado;Nachos;Snacks;150 g;Plástico;Green dot;15
8480000138897;Hacendado;Garfitos;Snacks;80g;Plástico;Green dot;15
7622300086404;Milka,;Milka Caramel;Snacks;100g;Plástico;;15
5449000000996;Coca-Cola;Sabor original;Bebidas;330ml;Metal;;10
8480000681874;Hacendado;Gelatina fresa 0%;Lácteos;6 x 100 g;Plástico;;15
8410014448170;Nocilla;Original 0%;Snacks;190 g;Vidrio;;0
9012200872739;Milka;Milka MMMAX choco swimg galleta biscuit;Snacks;300g;Plástico;Green dot;15
8143333;Hacendado;Digestive Avena;Snacks;425 g;Papel;;5
5413548283128;Kinder,;Kinder Shokobons;Snacks;200g;Plástico;Green dot;15
8411585465023;Covap;Leche Desnatada;Lácteos;1 l;Tetra Brick;;0
8480000232311;Hacendado;Cacao soluble;Bebidas;108 g;Plástico;Green dot;15
8480000094261;Hacendado;Go-Lácteo con yogur de fresa y plátano;Lácteos;360g;Plástico;Green dot;15
87120158;Heineken;Heineken;Bebidas;33 cl;Metal;Green dot;10
8410655000010;San Miguel;Especial;Bebidas;33 cl;Metal;Green dot;10
5449000169327;Coca-Cola;Coca-Cola Zero azúcar Zero cafeína;Bebidas;330 ml;Metal;Green dot;10
5449000009067;The Coca-Cola Company;Coca-Cola;Bebidas;2 l;Plástico;Green dot;15
8480000664631;Steinburg;Cerveza Lager Clásica;Bebidas;33 cl;Metal;Green dot;10
8410793026132;Damm;Estrella Dorada Beer;Bebidas;33 cl;Metal;;10
8480000106780;Hacendado;Leche desatada + Proteinas;Lácteos;1 L;Plástico;;15
8410000005332;Royal;Preparado para natillas caseras;Lácteos;100 g (5  x 20 g);Cartón;;0
8480000244055;Hacendado;Churros;Snacks;500 g (24 uds);Plástico;;15
8411767281151;Abadía Mantrús;Reserva;Bebidas;750 ml;Vidrio;Green dot;0
8480000125866;Hacendado;99% cacao negro;Snacks;100 g;Metal;;10
8480000125279;Hacendado;Chocolate 0% azúcares añadidos;Snacks;125 g;Papel;Green dot;5
4060800105295;Pepsi;Pepsi Max;Bebidas;2 l;Plástico;;15
3070050570201;MarcillatLactalis;Brie Plaisir de Roi;Lácteos;200g;Plástico;;15
8480000154309;Hacendado;Miel de flores;Snacks;500 g;Plástico;Green dot;15
8410014478764;Cola cao;Cola Cao El Original;Bebidas;760 g;Plástico;Green dot;15
8421699220180;Hacendado;Catrina halloween;Snacks;70g;Plástico;Green dot;15
8410109000023;Valor;Chocolate puro;Snacks;300 g;Metal;Green dot;10
8480000145550;Hacendado;TUBITOS bañados;Snacks;150 g;Plástico;;15
8480000145604;Hacendado;Neules originals;Snacks;100 g;Plástico;;15
8480000634511;Hacendado;Masa fresca de hojaldre;Snacks;260 g;Plástico;;15
8412598004964;1906;Reserva Especial;Bebidas;330ml;Vidrio;Green dot;0
8480000142146;Hacendado;Digestive;Snacks;2 x 400 g;Plástico;;15
7622210293381;Milka;Mmmax oreo;Snacks;300g;Plástico;Green dot;15
8423102210344;Anitin;Snack chocolate;Snacks;172 g (2x86 g);Plástico;;15
8480000221377;Hacendado, Biscuits Poult;Rolling Choc;Snacks;90 g;Plástico;;15
8480000213594;Hacendado, Schreiber;Iogurte Líquido Frutos Tropicais;Bebidas;4 x 150 ml (600 ml);Plástico;;15
8480000678751;Hacendado;Turrón de chocolate crujiente;Snacks;250g;Plástico;Green dot;15
8480000279712;Hacendado;Gaseosa 0 azúcares;Bebidas;500 ml;Plástico;Green dot;15
8480000103802;Hacendado;Leche entera;Lácteos;1 l;Tetra Brick;;0
8480000136534;Hacendado,;Chocolate classic;Snacks;150g;Plástico;Green dot;15
7622210307194;Suchard,;Turrón de chocolate clásico;Snacks;260 g;Plástico;Green dot;15
8480000335814;Hacendado;Cuquis;Snacks;80g;Plástico;Green dot;15
8480000682352;Hacendado;Natillas;Lácteos;500 g (4 x 125 g);Plástico;;15
8480000681065;Hacendado;Flan sabor vainilla caramelo;Lácteos;600 g;Plástico;;15
8000500167113;Ferrero,;Ferrero Rocher;Snacks;375 g;Plástico;Green dot;15
8480000667403;Casón Histórico;Tinto de verano 0% sabor limón;Bebidas;2 l;Vidrio;Green dot;0
8480000361264;Hacendado;Turrón de chocolate negro crujiente;Snacks;250g;Plástico;Green dot;15
8480000285713;Royal Swan;Irish cream liquor;Bebidas;700ml;Vidrio;Green dot;0
8480000093745;Cerealto SIRO Foods SL;Barritas arándanos Hacendado;Snacks;6 x 20 g;Plástico;;15
8480000223111;Hacendado;Natillas proteínas vainilla;Lácteos;4×120g;Plástico;;15
8480000650641;Hacendado;Tubos;Snacks;320 g;Plástico;Green dot;15
8480000650436;Hacendado,;Kubitos;Snacks;;Plástico;Green dot;15
8411277063049;Jaume Serra;Cava Brut Nature;Bebidas;75 cl;vidrio;Green dot;0
8410109120851;Senzza;Postres;Snacks;350g;Plástico;Green dot;15
8410199810656;Cheetos;Pandilla;Snacks;75 g;Plástico;Green dot;15
8480000158109;Hacendado;Light;Snacks;150g;Plástico;Green dot;15
8480000657381;Hacendado,;Calendario de adviento;Snacks;75g;Plástico;Green dot;15
8422114731861;Tosfrit;Picoteo;Snacks;90g;Plástico;Green dot;15
8480000209917;Hacendado;Mantequilla sin lactosa;Lácteos;250 g;Plástico;;15
8480000290731;Hacendado;Cola zero;Bebidas;2 l;Plástico;Green dot;15
8410055033014;Danone;Font Vella;Bebidas;330 ml;Metal;Green dot;10
8000500023976;Ferrero;Raffaello;Snacks;150g;Plástico;Green dot;15
8410100025179;Nestlé;Nesquik instantáneo;Bebidas;1 kg;Plástico;Green dot;15
8480000279446;Hacendado;Bebida energética light;Bebidas;250 ml;Metal;Green dot;10
8480000278326;Hacendado;Te verde hacendado;Bebidas;1,5 l;Plástico;Green dot;15
8480000290809;Hacendado;Iso on blue;Bebidas;500 ml;Plástico;Green dot;15
8480000665614;Wild Panther;Apple Cider;Bebidas;330 ml;Metal;;10
8480000702074;Wild Panther;Strawberry Lime Cider;Bebidas;330 ml;Metal;Green dot;10
8410109108392;La Chocolatera;Cacao puro 0%;Snacks;250 g;Plástico;;15
5449000096197;Coca-Cola;Zero zero;Bebidas;12 x 330ml;Metal;Green dot;10
8413164016749;Estrella;Triangulos de patata sabor jamón;Snacks;78g;Plástico;Green dot;15
2350241005806;punteiro;Queso Tetilla;Lácteos;1 queso;Plástico;;15
8480000678195;Hacendado;Tinto de verano;Bebidas;1.5 l;Vidrio;;0
8480000203878;Hacendado;Bifidus 0 0 Pera;Lácteos;500 g (4x125g);Plástico;;15
8436547770137;Hacendado;Kéfir natural sabor suave;Lácteos;500 g;Plástico;;15
3173286794806;CaoBon;Cacao soluble;Snacks;1 kg;Plástico;Green dot;15
8410109113051;Valor;Valorcao a la taza;Bebidas;500 g (17.6 oz);Plástico;;15
8480000124951;Hacendado;Chocolate negro 72%;Snacks;200 g;Plástico;Green dot;15
8480000105721;Hacendado;Leche calcio desnatada;Lácteos;1 l;Tetra Brick;;0
8480000505453;Hacendado;Queso en lonchas Havarti;Lácteos;;Plástico;;15
8480000683311;Hacendado;Arroz con Leche;Lácteos;450 g;Plástico;;15
8480000203151;Hacendado;Yogurt 0%con fruta;Lácteos;1,5 kg (12 * 125 g);Plástico;;15
8480000100504;Hacendado;Batido sabor chocolate;Bebidas;200 ml;Tetra Brick;;0
8410283008006;La Casera;La Casera gaseosa;Bebidas;1,5 l;Plástico;;15
8410569005521;Amstel;Original;Bebidas;1 l;vidrio;;0
8410261802008;El Lagar del Palacio de la Güera;Sidra sin alcohol;Bebidas;750 ml;vidrio;Green dot;0
8480000157577;Hacendado;Aros;Snacks;120 g;Plástico;Green dot;15
8480000360144;Hacendado;Turrón blando;Snacks;250 g;Plástico;Green dot;15
8410655006142;San Miguel;0,0;Bebidas;33 cl;Metal;Green dot;10
8414100304753;Schweppes;Tónica Zero;Bebidas;330 ml;Metal;Green dot;10
9002490100490;Red Bull;Energy drink;Bebidas;4 x 250 ml;Metal;;10
8480000225689;Hacendado,;Sticks de patata;Snacks;75g;Plástico;Green dot;15
5060337501316;Monster Energy;Monster energy ultra;Bebidas;500ml;Metal;Green dot;10
8480000140807;Hacendado;Galletas animadas;Snacks;200 g;Plástico;;15
8480000107510;Hacendado;Leche Entera;Lácteos;;Tetra Brick;;0
8480000136565;Hacendado;Rosquilhas chocolate y coco;Snacks;300 g;Plástico;;15
8480000651723;Hacendado;Chickles hierbabuena;Snacks;100 g;Plástico;Green dot;15
8480000681881;Hacendado;Panna Cotta caramelo;Lácteos;400 g (4x100g);Plástico;;15
8480000105516;Hacendado;Leche Entera;Lácteos;;Plástico;;15
2350163002037;Entrepinares;Queso light;Lácteos;8;Plástico;Green dot;15
8480000237736;Hacendado;Chocolate negro 72%;Snacks;100 g;Plástico;Green dot;15
8480000155276;Hacendado;Fusion;Snacks;100 g;Plástico;Green dot;15
8480000503718;Hacendado;Queso fundido sandwich;Lácteos;200g;Plástico;;15
8480000133892;Deliplus;Chickles Reductor con probiótico y zinc;Snacks;38g;Plástico;Green dot;15
8480000290854;Hacendado;Cola zero azúcar;Bebidas;6 x 500ml;Plástico;Green dot;15
5449000033819;Coca-Cola;Aquarius Naranja;Bebidas;330 ml;Metal;Green dot;10
5449000136336;Coca-Cola;Zero azúcar;Bebidas;2 x 2 l;Plástico;Green dot;15
5449000205568;Coca-Cola;Sprite;Bebidas;2 l;Plástico;Green dot;15
8480000141576;Hacendado;Galletas Rebuenas;Snacks;500 g;Plástico;;15
8480000210616;Hacendado,Eurial Ultra Frais;Postre lácteo +Proteínas chocolate 1,3 g m.g 10 g proteínas;Lácteos;480 g (4x120g);Plástico;;15
8480000210739;Hacendado;Postre lácteo +Proteínas con arándanos 0% m.g 10 g proteínas;Lácteos;480 g;Plástico;;15
8480000142085;Hacendado, Pally Biscuits;Galletas Digestive avena con chocolate;Snacks;300g;Plástico;;15
8480000288448;Perla de las Islas;Ronmiel de Canarias;Bebidas;700ml;vidrio;Green dot;0
8480000238252;Hacendado;Leche semidesnatada sin lactosa;Lácteos;1 l;Plástico;;15
8480000608451;Hacendado;Magdalenas;Snacks;16x34,4g;Plástico;;15
8480000290311;Hacendado;Cola Hacendado;Bebidas;6 x 330ml;Plástico;;15
5060466513389;Burn;Burn Original;Bebidas;500 ml;Metal;Green dot;10
8480000323569;OSNA Nahrmittel;Gelatina de limón Hacendado;Lácteos;2x85g;Plástico;;15
8480000212535;Hacendado, Schreiber;Bifidus Probióticos com Kiwi - Framboesa;Bebidas;4 x 160 g;Plástico;;15
8480000293817;Royal Swan;Crema de turrón;Bebidas;700ml;Vidrio;Green dot;0
8480000651389;Hacendado;Caramelos eucalipto y mentol 0% azúcares;Snacks;90 g;Plástico;Green dot;15
8480000650085;Hacendado;Xuxes top ten;Snacks;135 g;Plástico;Green dot;15
8410055150018;Danone;Font Vella;Bebidas;1,5 l;Plástico;Green dot;15
8480000360304;Hacendado;Turrón praliné 3 chocolates;Snacks;150g;Plástico;Green dot;15
8480000146397;Hacendado;Choco Negro;Snacks;150 g (4x 37,5g);Plástico;;15
8410590111086;El águila;Sin filtrar;Bebidas;6 x 330ml;Vidrio;Green dot;0
8480000669056;Abuela Carola;Bebida aromatizada a base de vino para cocinar;Bebidas;750 ml;Vidrio;Green dot;0
8480000650276;Hacendado;Muaks;Snacks;250 g;Plástico;Green dot;15
8480000678140;Hacendado;Fruit mix;Snacks;250 g;Plástico;Green dot;15
8410728180120;Lanjarón;Agua mineral;Bebidas;1,5 l;Plástico;Green dot;15
8480000289476;Cabré & Sabaté;Cava chardonnay Brut;Bebidas;750 ml;Vidrio;Green dot;0
8410494300043;Pepsi;Pepsi Max;Bebidas;330 ml;Metal;;10
8480000285904;Hacendado;Agua Limon;Bebidas;1 l;Plástico;Green dot;15
8480000140067;HACENDADO;Maria integral;Snacks;800 g;Plástico;;15
8480000125194;Hacendado;Cacao soluble;Snacks;480 g;Plástico;Green dot;15
8480000683540;Hacendado;Arroz con Leche;Lácteos;130 g;Plástico;;15
7622201810962;Cadbury;Bombones;Snacks;360g;Plástico;Green dot;15
8480000512239;Hacendado;Queso untar light;Snacks;300g;Plástico;;15
8480000103840;Hacendado;Leche Desnatada;Lácteos;1 l;Tetra Brick;;0
8480000663504;1897;Cerveza tostada 1897;Bebidas;330 ml;Metal;Green dot;10
8480000320032;Hacendado;Flan Clásico - Hacendado - 30 g;Lácteos;30 g;Plástico;;15
8480000158475;Hacendado;Turron crema almendras;Snacks;200g;Plástico;Green dot;15
8480000650566;Hacendado;Chickles regaliz y menta;Snacks;45 g;Plástico;Green dot;15
8410525245268;Hacendado;Cintas con pica;Snacks;100 g;Plástico;Green dot;15
8480000279804;Hacendado;Hacendado-tonic-330ml-spain;Bebidas;330 ml;Metal;Green dot;10
8480000124173;Hacendado;Uovo di pasqua;Snacks;120g;Plástico;Green dot;15
8480000511263;Hacendado;Mozzarella;Lácteos;200 g;Plástico;;15
8480000105646;Hacendado;Leche semidesnatada;Lácteos;1 l;Tetra Brick;;0
8480000651655;Hacendado;Chickles fresa;Snacks;100 g;Plástico;Green dot;15
8480000133908;Hacendado;Mux fruits;Snacks;100g;Plástico;Green dot;15
8480000142160;Hacendado;Saladitas Salgaditas;Snacks;350 g;Plástico;Green dot;15
8480000524027;Hacendado;Mozzarella pizza-roma;Lácteos;400g;Plástico;Green dot;15
8480000657213;Hacendado;Figuras Choco;Snacks;150g;Plástico;Green dot;15
8480000323163;Hacendado;Caramelo líquido;Snacks;300 gr;Plástico;;15
8480000102737;Hacendado;Leche semidesnatada sin lactosa;Lácteos;;Plástico;;15
8480000336415;Hacendado;Nachos Tex-Mex;Snacks;150g;Plástico;Green dot;15
8480000286901;Hacendado;Isodrink sabor naranja;Bebidas;6 x 33 cl;Metal;Green dot;10
8480000657329;Hacendado;Surtido de chocolate;Snacks;250g;Plástico;Green dot;15
8480000651785;Hacendado;Chickles XXL Mentol MIX;Snacks;100 g;Plástico;Green dot;15
8480000125248;Hacendado;Chocolate negro 85% cacao extrafino y edulcorante 0% azúcares añadidos;Snacks;100 g;Plástico;Green dot;15
8480000125187;Hacendado;Chocolate cremoso;Snacks;150g;Plástico;Green dot;15
2350975004229;Hacendado;Añejo fuerte;Lácteos;0,331 kg;Plástico;;15
8480000120274;Hacendado;Almendra chocolate negro;Snacks;150g;Plástico;Green dot;15
8480000827517;Hacendado;Oreo sin gluten;Snacks;270 g;Plástico;;15
8480000141538;Hacendado;Caocream Chocolate Blanco;Snacks;6x42g;Plástico;;15
8480000124180;Hacendado;Huevo de chocolate con sorpresa;Snacks;120g;Plástico;Green dot;15
8480000204974;Hacendado;Bifidus;Lácteos;500 g (4x125g);Plástico;;15
8480000335999;Hacendado;Bombitas;Snacks;80 g;Plástico;Green dot;15
8480000645012;hacendado;Polos fresa, frambuesa, arándano y remolacha;Lácteos;300 ml, 330 g (5 x 50 ml, 5 x 55 g);Plástico;;15
8480000294104;Hacendado;Iso on blue;Bebidas;1,5 l;Plástico;Green dot;15
8480000100559;Hacendado;Cargando…;Bebidas;200 ml;Tetra Brick;;0
8480000107879;Hacendado;Leche semidesnatada enriquecida con calcio 100% natural;Lácteos;1 l;Tetra Brick;;0
8480000154361;Hacendado;Miel de Flores;Snacks;1 kg;Plástico;Green dot;15
8480000333391;Hacendado;Conos;Snacks;100g;Plástico;Green dot;15
8480000104892;Hacendado;Leche Semidesnatada;Lácteos;1 l;Tetra Brick;;0
8480000286895;Hacendado;Isodrink sabor naranja;Bebidas;330 ml;Metal;Green dot;10
8480000125675;Hacendado;Barrita De Chocolate Con Leche (36%) Relleno De Coco (64%);Snacks;168 g;Plástico;Green dot;15
8480000826985;Hacendado;Pandoro Hacendado;Snacks;500 g;Plástico;;15
8480000105745;Hacendado;Leche Entera;Lácteos;1 l;Tetra Brick;;0
8480000680563;Hacendado;Crema Catalana;Lácteos;400 g e ((4* 97 g) + (4 * 3 g));Metal;;10
8480000674173;Hacendado;Crema Cacao;Snacks;500 g;Plástico;Green dot;15
8480000650757;Hacendado;Golosinas con fresa;Snacks;50 g;Plástico;;15
8480000820327;Hacendado;Valencianas;Snacks;700g;Plástico;Green dot;15
8480000361431;Hacendado;Turrón de pistacho;Snacks;150 g;Plástico;Green dot;15
8480000125439;Hacendado;Chocolate blanco;Snacks;200 g;Plástico;Green dot;15
2350940003653;Hacendado;Queso Semicurado Light;Lácteos;0.408 Kg;Plástico;;15
8480000125828;Hacendado;Chocolate negro;Snacks;150 g;Plástico;Green dot;15
8480000651778;Hacendado;Chicles Sabor A Jengibre y limón son edulcorantes sin azúcares;Snacks;45 g;Plástico;Green dot;15
8480000102799;Hacendado;Batido de vainilla;Bebidas;;Tetra Brick;;0
8480000681379;Hacendado;Natillas sabor vainilla;Lácteos;500g;Plástico;Green dot;15
8480000143068;HACENDADO;Caocream;Snacks;220 g (5 x 44 g);Metal;;10
8480000107480;Hacendado;Leche semidesnatada;Lácteos;1 l;Plástico;;15
8480000651617;Hacendado;Chickles hierbabuena;Snacks;45 g;Plástico;Green dot;15
8480000650986;Hacendado;Chickles hierbabuena;Snacks;62 g;Plástico;Green dot;15
8480000511812;Hacendado;Crema Camembert;Snacks;150 g;Plástico;;15
8480000651716;Hacendado;Chickles menta suave;Snacks;100 g;Plástico;Green dot;15
8480000210906;Hacendado;Yogurt griego limón y jengibre;Lácteos;500 g (4x125g);Plástico;;15
8480000206138;Hacendado;Bebida láctea de fresa y plátano;Bebidas;1kg;Plástico;Green dot;15
8480000364289;Hacendado;Pasta de Almendra;Snacks;100 g;cartón;;0
8480000016812;Hacendado;Brownie;Snacks;240g;Plástico;Green dot;15
8480000342126;Hacendado;Palomitas con Mantequilla;Snacks;270g;Plástico;Green dot;15
8480000361097;Hacendado;Turron 72% cacao almendras;Snacks;250g;Plástico;Green dot;15
8435063814509;Hacendado;Rega red;Snacks;200g;Plástico;Green dot;15
8480000125019;Hacendado;Chocolate 55% cacao con avellanas enteras;Snacks;180 g;Plástico;Green dot;15
8480000336422;Hacendado;Cuquitos;Snacks;100g;Plástico;Green dot;15
8480000133861;Hacendado;Animalitos con pica;Snacks;600g;Plástico;Green dot;15
8480000159038;HACENDADO;Quesada;Lácteos;450 g;Plástico;;15
8480000651433;Hacendado;Caramelos jengibre & própolis 0% azúcares;Snacks;90 g;Plástico;Green dot;15
8480000135001;Hacendado;Chocolate con leche;Snacks;100g;Plástico;Green dot;15
8480000650993;Hacendado;Chickles sandía;Snacks;62 g;Plástico;Green dot;15
8480000650061;Hacendado;Xuxes party;Snacks;430g;Plástico;Green dot;15
12480;Hacendado;Enteras 72% cacao;Snacks;200g;Plástico;Green dot;15
8480000512079;Hacendado;Queso de untar light;Lácteos;300 g;Plástico;;15
8480000510501;Hacendado;Mozzarella fresca;Lácteos;125 g;Plástico;;15
8480000124814;Hacendado;Chocolate negro con almendras;Snacks;200 g;Plástico;Green dot;15
8480000651648;Hacendado;Chic les fresa;Snacks;45 g;Plástico;Green dot;15
8480000281548;Hacendado;Té sabor mango cero;Bebidas;1.5 l;Plástico;Green dot;15
8480000278050;Hacendado;té limón 0;Bebidas;1,5 l;Plástico;Green dot;15
8480000651402;Hacendado;Chickles sandía;Snacks;31g;Plástico;Green dot;15
8480000641021;Hacendado;Helados mini sin azúcar;Lácteos;8 unidades de 41g;Plástico;;15
8480000125149;Hacendado;Chocolate con leche y avellanas;Snacks;180 g;Plástico;Green dot;15
8480000285768;Hacendado;Bebida Isotonica;Bebidas;1,5 l;Plástico;Green dot;15
8480000650627;Hacendado;Chickles Hierbabuena;Snacks;45 g;Plástico;Green dot;15
8480000510716;Hacendado;Queso fresco batido desnatado 0% m.g;Lácteos;500 g;Plástico;;15
8480000144300;Hacendado;Canela;Snacks;500g;Plástico;;15
8480000125316;Hacendado;Choco fundir negro;Snacks;200 g;Plástico;Green dot;15
8480000361363;Hacendado;Turrón de chocolate blanco con limón;Snacks;150 g;Plástico;Green dot;15
8480000361387;Hacendado;Turrón de natillas con galleta;Snacks;150g;Plástico;Green dot;15
8480000362520;Hacendado;Turrón duro;Snacks;170g;Plástico;Green dot;15
8480000093486;HACENDADO;Barritas Muesli Frutos Secos;Snacks;150 g (6 x 25 g);Plástico;;15
8480000121486;Hacendado;Chocolate extrafino Negro;Snacks;150 g;Plástico;;15
8480000104878;Hacendado;Leche entera;Lácteos;1 l;Tetra Brick;;0
8412423110037;Dominio de Borgia;Vino rosado;Bebidas;5 l;Vidrio;Green dot;0
8480000124807;Hacendado;Chocolate negro 72% cacao extrafino con almendras enteras;Snacks;200 g;Plástico;Green dot;15
8480000510747;HACENDADO;Queso fresco Burgos desnatado 0% m.g de vaca;Lácteos;375g (6*62.5g);Plástico;;15
8480000124920;Hacendado;Chocolate negro 85% cacao;Snacks;100 g;Plástico;Green dot;15
8420887131505;Agua de Cortes;Agua mineral natural con gas;Bebidas;1,5 l;Plástico;Green dot;15
8000500121436;Ferrero;Kinder Bueno White;Snacks;117g;Plástico;Green dot;15
8410014238450;Cola Cao;0% azúcares;Bebidas;325 g;Plástico;Green dot;15
8421699223457;Hacendado;Piruleta de chocolate;Snacks;50g;Plástico;Green dot;15
8410128000400;Bezoya;Agua mineral natural;Bebidas;1.5 l;Plástico;Green dot;15
8480000108128;Hacendado;Leche de cabra semidesnatada;Lácteos;;Plástico;;15
8411525010832;Dulma;;Snacks;700 g;Plástico;;15
8480000845368;Hacendado;Magdalena;Snacks;;Plástico;;15
5060166690380;Monster Energy;monster;Bebidas;500 ml;Metal;Green dot;10
8410109123623;Senzza;Postres;Snacks;350g;Plástico;Green dot;15
5053990127726;Pringles;Original;Snacks;165g;Plástico;Green dot;15
8480000289384;Cabré & Sabaté;Cava Brut Nature;Bebidas;750 ml;Vidrio;Green dot;0
8480000363138;Hacendado;Turrón de chocolate con almendras;Snacks;250g;Plástico;Green dot;15
8410261206189;Don Simón;Vino blanco chardonnay airén;Bebidas;250 ml (3 X 250ml);Tetra Brick;Green dot;0
8480000677358;Hacendado;Boo! Mix;Snacks;180g;Plástico;Green dot;15
8480000645005;Hacendado;Polos Frutas;Lácteos;330 g (6 pièces de 55 g);Plástico;;15
8436547770045;Hacendado;Natural cabra oveja;Lácteos;250 g;Plástico;;15
8437001302611;Granja Rinya;Tarta de Queso clásica;Snacks;180 g;Plástico;;15
8480000333643;Hacendado;Bombitas choco;Snacks;100g;Plástico;Green dot;15
2350373003862;Entrepinares;Queso mezcla Viejo Tostado;Lácteos;;Plástico;;15
8480000208583;Hacendado;Bifidus naturel cremoso azucarado;Lácteos;;Plástico;;15
8480000667854;Steinburg;Suave;Bebidas;1 l;Plástico;Green dot;15
75032715;Corona;Corona Extra;Bebidas;355 ml;vidrio;;0
8410590111017;El Águila;Cerveza sin filtrar;Bebidas;330ml;vidrio;Green dot;0
8410591002413;Cune;Crianza;Bebidas;750 ml;Plástico;Green dot;15
8480000647054;Hacendado;Granizado de limón;Lácteos;1.200 ml (6 x 200 ml);Plástico;;15
8437008459059;Bronchales;Agua mineral natural;Bebidas;500 ml;Plástico;Green dot;15
8480000230447;Hacendado;Crema de leche y avellana;Snacks;400g;Plástico;Green dot;15
8480000652416;Hacendado;Chickles frutos rojos;Snacks;31 g;Plástico;Green dot;15
5449000224187;Coca-Cola;Zero Azúcar;Bebidas;4 x 500 ml;Plástico;Green dot;15
8480000655554;Hacendado;Spaghetti con pica;Snacks;250g;Plástico;Green dot;15
3700123300014;Nestlé;Aquarel;Bebidas;1,5 l;Plástico;Green dot;15
8480000336019;HACENDADO;Tiras de maíz frito sabor barbacoa;Snacks;150g;Plástico;Green dot;15
8480000677273;Hacendado;Kéfir café;Bebidas;250g;Plástico;Green dot;15
8410014474957;Nocilla;Crema de cacao;Snacks;715g;Vidrio;Green dot;0
8480000212375;Hacendado, Schreiber;Iogurte Líquido Ananás e Coco;Lácteos;600 ml (4x150 ml);Plástico;;15
8402001000836;Hacendado;Batido fresa;Bebidas;200 ml;Tetra Brick;;0
8480000236265;Hacendado;Sin Lactosa;Snacks;100 g;Plástico;Green dot;15
8480000125538;Hacendado;Chocolate mousse negro;Snacks;140 g;Plástico;Green dot;15
8480000334367;Hacendado;Torreznos sabor barbecue;Snacks;100 g (16/09/22);Plástico;Green dot;15
8411767280970;Abadía Mantrús;Gran reserva;Bebidas;750 ml  16/09/22 Mercadona El Viso;Vidrio;Green dot;0
8410261152011;Don Simón;Tinto de verano sabor limón;Bebidas;1.5 l  16/09/22 Mercadona El Viso;Plástico;Green dot;15
8413681021820;Alhambra;Cervezas Alhambra Reserva 1925;Bebidas;6 x 33 cl 7,38€ 16/09/22;Vidrio;;0
8480000205711;Hacendado;Yogur al estilo griego stracciatella;Lácteos;750 g;Plástico;Green dot;15
8480000208521;Hacendado;Mantequilla Sin Sal Añadida;Lácteos;150 g;Plástico;;15
8480000120373;Hacendado;Chocolate con almendras enteras;Snacks;200 g;Plástico;Green dot;15
8480000125408;Hacendado;Choco galleta;Snacks;200 g;Plástico;Green dot;15
8480000650672;Hacendado;Chicles menta fuerte;Snacks;100 g;Plástico;Green dot;15
8480000137425;Callander;Blended Scotch Whisky;Bebidas;700ml;Vidrio;Green dot;0
8480000202055;Hacendado;Yogur natural;Lácteos;6 x 125;Plástico;;15
8480000348227;Hacendado;Palomitas microondas sal;Snacks;270 g;Metal;;10
8480000233288;Piccolo Giovanni;Lambrusco dell'Emilia;Bebidas;750 ml;Vidrio;Green dot;0
8480000123640;Hacendado;Huevos de chocolate con sorpresa;Snacks;60 g;Plástico;Green dot;15
8421699224461;;Huevo de chocolate pjmaks;Snacks;25g;Plástico;Green dot;15
8410494300777;Pepsi;Bitter Kas;Bebidas;330 ml;Metal;Green dot;10
8414100389606;Schweppes;Tónica Pink Baja en Calorias;Bebidas;330ml;Metal;Green dot;10
8413041318065;Falke;Sin;Bebidas;330 ml;Metal;Green dot;10
8437008459042;Bronchales;Agua mineral natural;Bebidas;2 l;Plástico;Green dot;15
2350915003084;Hacendado;Queso tierno bajo en sal;Lácteos;400 g;Plástico;;15
5449000058560;Coca-Cola;Aquarius;Bebidas;330 ml;Metal;Green dot;10
8410500006112;Danone;Yogur sabor limón sin gluten;Lácteos;500 g (125 g x 4);Plástico;;15
8410655006173;San Miguel;0.0% sin alcohol;Bebidas;6 x 250ml;Vidrio;Green dot;0
5449000133342;Coca-Cola;Zero azúcar;Bebidas;12 x 330ml;Cartón;;0
8480000284907;Pi.omka;Cocktail de piña colada sin alcohol;Bebidas;700 ml;Vidrio;Green dot;0
8480000290748;Hacendado;Cola zero azúcar zero cafeína;Bebidas;2 l;Plástico;Green dot;15
8480000135711;Hacendado;BARRITAS;Snacks;135g;Plástico;Green dot;15
8480000340467;Hacendado;Bola cereal chocolate;Snacks;200 g;Plástico;Green dot;15
8410793036131;Voll-Damm;Doble Malta;Bebidas;33 cl;Metal;Green dot;10
8410109111231;Senzza;Bombones Surtidos Sin Azúcares Añadidos Y Con Edulcorantes;Snacks;200g;Plástico;Green dot;15
2350163002051;Entrepinares;Queso light;Lácteos;200g;Plástico;Green dot;15
5449000015846;Coca-Cola;Clásica refresco de cola sin cafeína;Bebidas;2 l;Plástico;Green dot;15
8480000222947;Hacendado;multicereal;Snacks;100 g;Plástico;Green dot;15
8480000227034;Hacendado;Chocolate negro 72 con trozos de naranja;Snacks;100 g;Plástico;Green dot;15
8410014477743;Nocilla;Nocilla Original;Snacks;360 g;Plástico;Green dot;15
8410061210348;Barbadillo;Castillo de San Diego;Bebidas;750 ml;Vidrio;Green dot;0
8480000225115;Hacendado;Cacao Avellana;Snacks;400 g;Plástico;Green dot;15
8480000286888;Hacendado;Isodrink sabor naranja;Bebidas;1,5 l;Plástico;Green dot;15
8480000236760;Mar de uvas;Syrah;Bebidas;750 ml;Vidrio;Green dot;0
8480000861122;Hacendado;Toffee;Snacks;100 g;Plástico;Green dot;15
8411767000295;Arteso;Blanco Rioja;Bebidas;750 ml;Vidrio;Green dot;0
8480000278647;Hacendado;Te sabor limon;Bebidas;330 ml;Metal;Green dot;10
8411079391043;El gaitero;Sidra extra;Bebidas;750 ml;Vidrio;Green dot;0
8480000652133;Hacendado;Chic Kles XXL;Snacks;100 g;Plástico;Green dot;15
8410180118556;Artiach;Dinosaurus;Snacks;329 g;Plástico;;15
8410109121551;Chocolates Valor,S.A.;Cacao puro desgrasado en polvo;Snacks;265 g;Metal;;10
8410014478436;Nocilla;Nocilla Leche y avellanas;Snacks;180g;vidrio;Green dot;0
8410749001138;Vichy Catalan;Agua con gas;Bebidas;1,5 l;vidrio;Green dot;0
8480000285744;Hacendado;Isodrink;Bebidas;330 ml;Metal;Green dot;10
8421699537448;Hacendado;Figura de Chocolate;Snacks;300g;Plástico;Green dot;15
8480000290328;Hacendado;Cola;Bebidas;330 ml;Metal;Green dot;10
4019400440657;Royal Mints;Royal mints;Snacks;200 g;Plástico;;15
8480000106728;Hacendado;Café latte descafeinado;Bebidas;250 ml;Plástico;Green dot;15
7613035268388;Nestlé;Chocolate con leche extrafino;Snacks;125 g;Metal;Green dot;10
8480000336392;Hacendado;Tiras fritas sabor barbacoa;Snacks;150 g;Plástico;Green dot;15
8480000650313;Hacendado;Pulpis mix;Snacks;250 g;Plástico;Green dot;15
8480000133854;Hacendado;Surtido 6 sabores;Snacks;500 g;Plástico;Green dot;15
8480000133168;Hacendado;Cacao a la taza en polvo;Bebidas;400 g;Plástico;Green dot;15
8480000100054;Hacendado;Chocolate a la taza;Bebidas;1 l;Plástico;Green dot;15
8480000224521;Hacendado;Mini Boom;Lácteos;8 x 44g;Plástico;;15
8480000228499;Hacendado;Cacao soluble 0% azúcares añadidos;Bebidas;450 g;Plástico;Green dot;15
8480000132130;Hacendado;Cacao instant;Bebidas;1 kg;Plástico;Green dot;15
8411789031444;Sierra de viento;Roble;Bebidas;750 ml;Vidrio;Green dot;0
8410261169095;Arribeño;Joven;Bebidas;750 ml;Vidrio;Green dot;0
8480000671073;Mar de uvas;Syrah;Bebidas;750 ml;Vidrio;Green dot;0
8480000671066;Mar de uvas;Merlot;Bebidas;750 ml;Vidrio;Green dot;0
8480000370129;Embrujada;Roble;Bebidas;750 ml;Vidrio;Green dot;0
8435065600209;Davida;Sin sulfitos añadidos;Bebidas;750 ml;Vidrio;Green dot;0
8410702049627;Gran conquero;Viñas viejas;Bebidas;750 ml;Vidrio;Green dot;0
8410702045841;Conquero;Roble;Bebidas;750 ml;Vidrio;Green dot;0
8414318910159;Fin del Río;Tempranillo;Bebidas;1 l;Vidrio;Green dot;0
8410702049603;The Guv'Nor;El mandamás tempranillo;Bebidas;750 ml;Vidrio;Green dot;0
8008820151911;Cueva peccato;Sangue di Giuda;Bebidas;750 ml;Vidrio;Green dot;0
8412423121705;Borsao;Barrica;Bebidas;750 ml;Vidrio;Green dot;0
8480000155269;Arribeño;Roble;Bebidas;187 ml;Vidrio;Green dot;0
8410261169064;Arribeño;Roble;Bebidas;750 ml;Vidrio;Green dot;0
8411767281007;Condado de Teón;Roble;Bebidas;750 ml;Vidrio;Green dot;0
8411767281014;Condado de Teón;Crianza;Bebidas;750 ml;Vidrio;Green dot;0
8411767281144;Abadía Mantrús;Crianza;Bebidas;750 ml;Vidrio;Green dot;0
8480000652355;Hacendado;Chicles sabor a menta, con edulcorantes. Sin azúcares;Snacks;45 g;Plástico;Green dot;15
5000267024202;Johnnie Walker;Black label;Bebidas;700ml;Vidrio;Green dot;0
8480000334091;Hacendado;Aperitivo;Snacks;60 g;Plástico;;15
8480000290847;Hacendado;Cola;Bebidas;6 x 500 ml;Plástico;Green dot;15
8480000366351;Hacendado;Nachos padrísimos;Snacks;150g;Plástico;Green dot;15
5449000121059;Coca-Cola;Aquabona;Bebidas;500 ml;Plástico;;15
8414601138574;Fidencio;Crianza;Bebidas;750 ml;Plástico;Green dot;15
8410702051927;Condado de Egara;Reserva tempranillo;Bebidas;750 ml;Vidrio;Green dot;0
8410415511824;Señorío de los Llanos;Tempranillo crianza;Bebidas;1 l;Vidrio;Green dot;0
8410415370728;Pata Negra;Reserva;Bebidas;750 ml;Vidrio;Green dot;0
8410702000215;Viña albali;Crianza;Bebidas;750 ml;Vidrio;;0
8411767020811;Fidencio;Tinto;Bebidas;750 ml;Vidrio;Green dot;0
8410479510214;Estola;Reserva;Bebidas;750 ml;Vidrio;Green dot;0
8410261151625;Don Simón;Sangría;Bebidas;1,5 l;Plástico;Green dot;15
8480000323675;Hacendado;Gelatina fresa 0% azúcares;Lácteos;600g;Plástico;;15
5410126116236;Lotus;Biscoff galletas caramelizadas de;Snacks;180 g;Plástico;;15
8480000235282;Hacendado;Dentaduras;Snacks;100g;Plástico;Green dot;15
5449000059840;Coca-cola;Coca cola sabor original;Bebidas;4 x 500ml;Plástico;Green dot;15
8410655010552;San Miguel;Cerveza San Miguel especial Lager pack de12 botellas de 25 cl.;Bebidas;25cl;vidrio;;0
8480000227041;Hacendado;Chocolate negro;Snacks;100 g;Plástico;Green dot;15
8414100244059;Schweppes;Tónica original;Bebidas;250 ml;Vidrio;Green dot;0
8480000674166;Hacendado;Crema al cacao;Snacks;500 g;Plástico;Green dot;15
8410034546153;Mondelez International;Respiral limón mentol;Snacks;;Plástico;;15
8710912029939;Holland Corona;Edam;Lácteos;300 g;Plástico;Green dot;15
8410744010289;Torre oria;Viñedo antiguo;Bebidas;750 ml;Vidrio;Green dot;0
8420202020378;Enterizo;Crianza;Bebidas;750 ml;Vidrio;Green dot;0
8410744008118;Torre oria;Crianza;Bebidas;750 ml;Vidrio;Green dot;0
8410744008675;Caperucita tinta;Tempranillo syrah suave;Bebidas;750 ml;Vidrio;Green dot;0
8480000664624;Steinburg;Clásica;Bebidas;12 x 33 cl;Metal;Green dot;10
5449000028921;Coca-Cola;Sabor original;Bebidas;1,25 l;Plástico;;15
8480000124906;Hacendado;Fusion;Snacks;100g;Plástico;Green dot;15
8480000156341;Hacendado;Chocolate con almendras troceadas;Snacks;150 g;Plástico;Green dot;15
3035542011365;Cointreau;L'unique;Bebidas;50ml;Vidrio;Green dot;0
8437008459424;Bronchales;Agua mineral natural;Bebidas;12 l;Plástico;Green dot;15
8480000143259;Hacendado;Galleta tostada;Snacks;4 x 200 g;Plástico;;15
8410261140049;Reservado;Cosecha;Bebidas;750 ml;Vidrio;Green dot;0
8411767000080;Arteso;Reserva;Bebidas;750 ml;Vidrio;Green dot;0
8411767000288;Arteso;Crianza;Bebidas;750 ml;Vidrio;Green dot;0
8410537050126;Coto de Imaz;Reserva;Bebidas;750 ml;Vidrio;Green dot;0
8411767164096;Comportillo;Reserva;Bebidas;750 ml;Vidrio;Green dot;0
8411767164225;Comportillo;Crianza;Bebidas;750 ml;Vidrio;Green dot;0
8411767164133;Comportillo;Cosecha;Bebidas;750 ml;Vidrio;Green dot;0
8410537200422;El coto;Crianza;Bebidas;750 ml;vidrio;Green dot;0
8480000103826;Hacendado;Leche semidesnatada;Lácteos;1 l;Tetra Brick;;0
7622210660176;Chips Ahoy;Chips Ahoy! Barritas;Snacks;140g;Cartón;;0
8480000282637;Energy drink;Energy drink;Bebidas;6 x 250 ml;Metal;Green dot;10
8480000154446;Hacendado;Miel de flores;Snacks;240 g;Plástico;Green dot;15
8480000141255;Hacendado;Galletas Grafy;Snacks;265;Plástico;;15
8410275002135;Masía de Altigón;Vino tinto;Bebidas;5 l;Vidrio;Green dot;0
8410302102432;Elegido;Tempranillo;Bebidas;1 l;Vidrio;Green dot;0
8410261271101;Don Simón;Vino tinto;Bebidas;1 l;Tetra Brick;Green dot;0
59946632;Nestlé;Milkybar conejo;Snacks;88g;Metal;Green dot;10
8411767000332;Arteso;Clarete;Bebidas;750 ml;Vidrio;Green dot;0
8414601138383;Fidencio;Rosado;Bebidas;750 ml;Vidrio;Green dot;0
8411767164218;Comportillo;Rioja rosado;Bebidas;750 ml;Vidrio;Green dot;0
8411767805104;Hypatia;Rosado;Bebidas;750 ml;Vidrio;Green dot;0
8410744010791;Vinos de cuento;Alicia en el país de las uvas;Bebidas;750 ml;Vidrio;Green dot;0
8480000141897;Hacendado;Galleta maría integral;Snacks;800g;Plástico;;15
8410310611971;Sílaba;Frizzante;Bebidas;750 ml;Vidrio;Green dot;0
8008820153311;Cueva Peccato;Moscato espumante;Bebidas;750 ml;Vidrio;Green dot;0
8410849000178;Peñascal;Rosado;Bebidas;750 ml;Vidrio;Green dot;0
8410745002030;Blanc pescador;Vino de aguja;Bebidas;750 ml;Vidrio;Green dot;0
8410261168104;V. Cristina;Blue moscato;Bebidas;750 ml;Vidrio;Green dot;0
8410199790958;Cheetos;Pelotazos;Snacks;130 g;Metal;Green dot;10
8480000222381;Hacendado;Gilisi;Bebidas;365g;Vidrio;Green dot;0
8480000667793;1897;Black;Bebidas;330ml;Metal;Green dot;10
8480000158703;Piccolo Giovanni;Lambrusco Dell'Emilia rojo;Bebidas;750 ml;Vidrio;Green dot;0
8480000663320;Dulz.ze;Verdejo frizzante;Bebidas;750 ml;Vidrio;Green dot;0
8412449104461;La bailaora;Manzanilla;Bebidas;750 ml;Vidrio;Green dot;0
8411203042445;Corredera;Fino;Bebidas;750 ml;Vidrio;Green dot;0
8412449104416;Real tesoro;Cream;Bebidas;750 ml;Vidrio;Green dot;0
8412449104409;Real tesoro;Fino;Bebidas;750 ml;Vidrio;Green dot;0
8432286007060;Yemavin;Sin alcohol;Bebidas;1 l;Vidrio;Green dot;0
8480000232878;Mig segle;Mistela de moscatel;Bebidas;750 ml;Vidrio;Green dot;0
8412449104430;Real tesoro;Pedro Ximénez;Bebidas;750 ml;Vidrio;Green dot;0
8412276386672;Allegretto Alba;Semidulce;Bebidas;750 ml;Vidrio;Green dot;0
8410106023254;Bodegas franco-españolas;Diamante semidulce;Bebidas;750 ml;Vidrio;Green dot;0
8410310615795;Vicente Gandía;El pescaito;Bebidas;750 ml;Vidrio;Green dot;0
8411767281038;Abadía Mantrús;Sauvignon blanc Rueda;Bebidas;750 ml;Vidrio;Green dot;0
8411767281045;Abadía Mantrús;Rueda verdejo;Bebidas;750 ml;Vidrio;Green dot;0
8410261172002;Arribeño;Verdejo Rueda;Bebidas;750 ml;Vidrio;Green dot;0
8480000168191;Atardecer;Chardonnay;Bebidas;750 ml;Vidrio;Green dot;0
8410275002005;Finca la malcriada;Vino dulce;Bebidas;750 ml;Vidrio;Green dot;0
8410415510612;García Carrión;Señorío de los Llanos;Bebidas;750 ml;Vidrio;Green dot;0
8410744008682;Blancauvas;Vino afrutado;Bebidas;750 ml;Vidrio;Green dot;0
8414601138420;Indómito;Chardonnay;Bebidas;750 ml;Vidrio;Green dot;0
8421216046118;Bocopa;Marina alta;Bebidas;750 ml;Vidrio;Green dot;0
8411767020828;Fidencio;Blanco;Bebidas;750 ml;Vidrio;Green dot;0
8410573104166;Jumpers;Jumpers con sabor a mantequilla;Snacks;80g;Plástico;Green dot;15
5449000171771;Aquarius;Zero azúcar;Bebidas;1,5 l;Plástico;Green dot;15
8480000224248;Hacendado;Conejo de chocolate;Snacks;150g;Plástico;Green dot;15
3173287636983;La Boutique del Praliné;Bombones;Snacks;400 g;Plástico;Green dot;15
8410302102456;Elegido;Vino blanco;Bebidas;1 l;Vidrio;Green dot;0
8410261273105;Don Simón;Vino blanco;Bebidas;1 l;Tetra Brick;Green dot;0
8410283314244;La casera;Tinto de verano de limón;Bebidas;3 l;Vidrio;Green dot;0
8480000667410;Casón histórico;Tinto de verano 0% sabor lemon;Bebidas;330 ml;Vidrio;Green dot;0
8480000667427;Casón histórico;Tinto de verano 0% sabor lemon;Bebidas;6 x 330 ml;Vidrio;Green dot;0
8410034075103;Valor;Huesitos Original;Snacks;200 g;Plástico;Green dot;15
8480000667380;Casón histórico;Tinto de verano lemon;Bebidas;330 ml;Vidrio;Green dot;0
8480000668431;Casón histórico;Tinto de verano;Bebidas;2 l;Vidrio;Green dot;0
8410261152417;Don Simón;Tinto de verano limón 0% alcohol;Bebidas;1,5 l;Plástico;Green dot;15
8428922010228;Sandevid;Tinto de verano limón;Bebidas;1.5 l;Vidrio;Green dot;0
8480000669223;Casón Histórico;Sangría;Bebidas;1.5 l;Vidrio;Green dot;0
8427894024622;Viña secret;Bebida con burbujas sin alcohol;Bebidas;750 ml;Vidrio;Green dot;0
8410744002178;Señorío De Requena;Cava semi seco;Bebidas;750 ml;Vidrio;Green dot;0
8410261490014;Rostoy Magic;Bebida sin alcohol;Bebidas;750 ml;Vidrio;Green dot;0
8410036800512;Freixenet;Carta nevada;Bebidas;750 ml;Vidrio;Green dot;0
8480000289391;Cabré & Sabaté;Cava semi-seco;Bebidas;750 ml;Vidrio;Green dot;0
8480000289452;Cabré & Sabaté;Cava brut rosado;Bebidas;750 ml;Vidrio;Green dot;0
8410013261015;Anna de Codorniu;Cava brut;Bebidas;750 ml;Vidrio;Green dot;0
8410744002161;Señorío de Requena;Cava brut;Bebidas;750 ml;Vidrio;Green dot;0
8480000289216;Cabré & Sabaté;Cava Brut;Bebidas;750 ml;Vidrio;Green dot;0
8411079501282;El gaitero;Sidra;Bebidas;750 ml;Vidrio;Green dot;0
8480000288981;Polían;Sidra natural;Bebidas;700 ml;Vidrio;Green dot;0
8480000284891;Pi.omka;Cocktail de mojito sin alcohol;Bebidas;700 ml;Vidrio;Green dot;0
8410577110033;Dama de Baza;Lima sin alcohol;Bebidas;1 l;Vidrio;Green dot;0
8410577119012;Dama de Baza;Granadina sin alcohol;Bebidas;1 l;Vidrio;Green dot;0
8480000136114;Pi.omka;Manzana verde sin alcohol;Bebidas;700 ml;Vidrio;Green dot;0
8480000136107;Pi.omka;Mora sin alcohol;Bebidas;700 ml;Vidrio;Green dot;0
7501035042308;José Cuervo;Silver tequila;Bebidas;70 cl;Vidrio;Green dot;0
8480000282231;Convidado de Baco;Ponche;Bebidas;1 l;Vidrio;Green dot;0
7501035042131;José Cuervo;Tequila Especial;Bebidas;700 ml;Vidrio;Green dot;0
8480000284396;Pi.omka;Licor de piruleta;Bebidas;700 ml;Vidrio;Green dot;0
8005130001530;Amaretto del patriarca;Licor dulce;Bebidas;700 ml;Vidrio;Green dot;0
8480000285102;Pi.omka;Licor de café;Bebidas;700 ml;Vidrio;Green dot;0
8410614001003;Zoco;Pacharán navarro;Bebidas;1 l;Vidrio;Green dot;0
8480000285072;Puente pazos;Aguardiente de orujo;Bebidas;700 ml;Vidrio;Green dot;0
8480000285089;Puente pazos;Licor de hierbas;Bebidas;700 ml;Vidrio;Green dot;0
8007253900660;Franzini;Limoncello;Bebidas;700 ml;Vidrio;Green dot;0
8480000220967;Hacendado;Turrón yema tostada;Snacks;200g;Plástico;Green dot;15
8007640989582;Enervit sport;BEBIDA ISOTÓNICA;Bebidas;150g;Metal;Green dot;10
7622201024277;Milka;Chocolate con leche;Snacks;150 g;Plástico;Green dot;15
8410548000035;Limiñana;Cazalla;Bebidas;1 l;Vidrio;Green dot;0
8480000651358;Hacendado;Chickles original;Snacks;45 g;Plástico;Green dot;15
8480000156334;Hacendado;Chocolate con leche hacendado avellanas troceadas;Snacks;150 g;Plástico;Green dot;15
8480000683069;Hacendado;Petit chocolate con leche;Lácteos;360 g;Plástico;Green dot;15
8480000650283;Hacendado;Caramelos de goma Colours (Hacendado);Snacks;250g;Plástico;Green dot;15
8480000124777;Hacendado;Chocolate con leche suave;Snacks;100 g;Plástico;Green dot;15
8413194096131;Turia;Cerveza tostada;Bebidas;330ml;Metal;Green dot;10
8421699531767;Hacendado;Figuras de chocolate;Snacks;120g;Plástico;Green dot;15
8480000124258;Hacendado;Huevo de chocolate con sorpresa;Snacks;120g;Plástico;Green dot;15
5449000039231;Coca-Cola;Tónica Nordic Mist;Bebidas;330 ml;Metal;Green dot;10
8480000155214;La recompensa;Ron añejo la tecompensa;Bebidas;1 l;Vidrio;Green dot;0
8420887021509;Agua de Cortes;Agua mineral natural;Bebidas;1,5 l;Plástico;Green dot;15
8480000228482;Hacendado;55% cacao con avellanas enteras;Snacks;180 g;Plástico;Green dot;15
8480000825735;Hacendado;Magdalenas rellenas;Snacks;420g;Plástico;Green dot;15
8480000650689;Hacendado;Chickles hierbabuena;Snacks;100 g;Plástico;Green dot;15
8411327131018;Mahou;Cinco estrellas;Bebidas;250ml;Vidrio;Green dot;0
5449000164957;Aquarius;Limón;Bebidas;1,5 L;Plástico;Green dot;15
8411327722018;Mahou;Cerveza rubia sin alchol;Bebidas;33 cl;Metal;Green dot;10
8410337219082;Anís del Mono;Anís dulce;Bebidas;700 ml;Vidrio;Green dot;0
8410548000011;Destilerías Tenis;Anís Tenis;Bebidas;1 l;Vidrio;Green dot;0
8410643001234;Marie Brizard;Anisette;Bebidas;1 l;Vidrio;Green dot;0
8423408104002;Cerveró;Cassalla;Bebidas;1 l;Vidrio;Green dot;0
8480000279729;Hacendado;Gaseosa 0% azúcares;Bebidas;3l;Plástico;Green dot;15
8410109000085;Valor;Chocolate puro con almendras;Snacks;250 g;Metal;Green dot;10
8480000288226;Knebep;Single Grain Vodka;Bebidas;1l;Plástico;Green dot;15
8480000286550;Vladonof;Vodka premium;Bebidas;700ml;Vidrio;Green dot;0
8480000134936;Knebep;Caramel spirit drink;Bebidas;700ml;Vidrio;Green dot;0
8480000288363;Knebep;Blue spirit drink;Bebidas;700ml;Vidrio;Green dot;0
8480000285065;Puente pazos;Licor de crema;Bebidas;700ml;Vidrio;Green dot;0
8480000226143;Royal Swan;Strawberry cream liquor;Bebidas;700ml;Vidrio;Green dot;0
8480000284761;Royal Swan;Chocolate cream liquor;Bebidas;700ml;Vidrio;Green dot;0
5000281030838;Cacique;Ron añejo;Bebidas;700ml;Vidrio;Green dot;0
8412449121451;Almirante;Mojito;Bebidas;700ml;Vidrio;Green dot;0
8480000155221;La recompensa;Elixir;Bebidas;700ml;Vidrio;Green dot;0
7461323129237;Barceló;Ron dominicano añejo;Bebidas;700ml;Vidrio;Green dot;0
5900685007910;Seagram's;Dry Gin;Bebidas;700 ml;Vidrio;Green dot;0
8420887110500;Agua de Cortes;Agua mineral natural con gas;Bebidas;500 ml;Plástico;Green dot;15
8480000651365;Hacendado;Chickles menta fresca;Snacks;100 g;Plástico;Green dot;15
8480000120205;Hacendado;Chocoiris;Snacks;180g;Plástico;Green dot;15
8480000829054;Hacendado;Palmeritas;Snacks;270g (24 unidades);Plástico;;15
8437008011004;Bronchales;Agua Mineral Natural;Bebidas;6 l;Plástico;Green dot;15
8480000106438;Hacendado;Leche entera;Lácteos;1 l;Plástico;;15
8412147570568;Hacendado;Boca fruit;Snacks;200g;Plástico;Green dot;15
8480000278678;Hacendado;Té verde;Bebidas;1,98 l;Metal;Green dot;10
8480000667571;Steinburg;Sin;Bebidas;1,5 l;Plástico;Green dot;15
8480000283849;nubbin;Licor de crema de arroz;Bebidas;1L;Plástico;;15
2350320003365;Entrepinares;Queso curado cortado;Lácteos;0,29;Plástico;;15
87378252;Hacendado;Leche entera esterilizada;Lácteos;1,5 L;Plástico;;15
8414892305549;Rioba;Tónica;Bebidas;20cl;vidrio;;0
8480000369024;Hacendado;Turrón de coco al chocolate;Snacks;300 g;Plástico;;15
8480000280527;Hacendado;Cola;Bebidas;2 l;Plástico;;15
8413178320665;Hacendado;Fresi pink;Snacks;200g;Plástico;Green dot;15
8410376047554;Selecta;Galleta de Cacao Rellena de Crema;Snacks;220 g (5 x 44 g);Plástico;;15
2350417002677;Holland Corona;Maasdam 45%MG/ES;Lácteos;431g;Plástico;;15
8420887011005;Cortes de arenoso;Agua mineral natural;Bebidas;6 l;Plástico;Green dot;15
406680;Pepsico, Cheetos;Cheetos Pandilla;Snacks;75 gr;Plástico;;15
8420887031508;Agua de Cortes;Agua mineral natural;Bebidas;9 l;Plástico;Green dot;15
17118880;Hacendado;4 quesos;Lácteos;180 g;Plástico;;15
5060608740116;Burn;Energy drink Original;Bebidas;2 l;Metal;Green dot;10
8420887050332;Cortes de arenoso;Agua mineral natural;Bebidas;1,98 l;Plástico;Green dot;15
15441638;Oveja viejo,Entrepinares;Entrepinares;Lácteos;320 g;Plástico;;15
8437008040332;Bronchales;Agua mineral natural;Bebidas;1,98 l;Plástico;Green dot;15
8410728091136;Lanjarón;Agua mineral;Bebidas;9000 ml;Plástico;Green dot;15
8420887141504;Cortes;Agua mineral natural con gas;Bebidas;9 l;Plástico;Green dot;15
8480000105332;Hacendado;Leche Entera;Lácteos;1,5 l;Plástico;;15
8420887000306;Agua de Cortes;Agua mineral natural;Bebidas;3 l;Plástico;Green dot;15
8410055133394;Danone;Font Vella;Bebidas;6 x 330 ml;Plástico;Green dot;15
8420887120509;Agua de Cortes;Agua mineral natural con gas;Bebidas;3 l;Plástico;Green dot;15
8437008459523;Bronchales;Agua mineral natural;Bebidas;3 l;Plástico;Green dot;15
3173287637065;La Boutique del Praliné;Bombones;Snacks;200 g;Plástico;Green dot;15
8480000278654;Hacendado;Té sabor limón zero;Bebidas;1,98 l;Metal;Green dot;10
8480000665539;Cerveza roja;Sabor intenso;Bebidas;33cl;vidrio;Green dot;0
8420887060331;Agua de Cortes;Agua mineral natural;Bebidas;330 ml;Plástico;Green dot;15
8423565023048;;Energy drink sabor cereza;Bebidas;250ml;Metal;Green dot;10
2350258004397;Montesinos;Queso de Cabra Semicurado;Lácteos;1kg;Plástico;;15
8480000652232;Hacendado;Chicles Sandia;Snacks;62g;Plástico;;15
8423565023062;;Energy drink sabor guaraná;Bebidas;500 ml;Metal;Green dot;10
8410085190107;Tirma;Caramelo líquido;Snacks;400 g;vidrio;;0
8480000202949;Hacendado;Yogur vainilla;Lácteos;500 g (4 x 125 g);Plástico;;15
8480000284976;Hacendado;Bitter sin alcohol;Bebidas;33 cl;Metal;;10
8480000650238;Hacendado;12 xuxes uvas nochevieja;Snacks;25 g;Plástico;;15
8481772701166;Confiletas;Tartaletas mini;Lácteos;112 g, 16 unidades;Plástico;;15
8480000641700;Hacendado;Granizado sabor turrón;Lácteos;1.200 ml (6 x 200 ml);Plástico;;15
8480000644749;Hacendado;Sorbete de frambuesa;Lácteos;720 g, 1000 ml;Plástico;;15
8480000364357;Hacendado;Turrón de coco;Snacks;300 g;Plástico;;15
8480000334152;Hacendado;Snacks 5 cereales;Snacks;95 g;Metal;;10
8480000278630;Hacendado;Té sabor limón;Bebidas;1,98 l;Metal;Green dot;10
8480000121141;Hacendado;Tableta de chocolate negro 72% cacao - DESCATALOGADO;Snacks;100 g;Metal;;10
8480000121974;Hacendado;Chocolate negro 85% cacao;Snacks;100 g;Metal;;10
8480000123688;Hacendado;Chocolate negro relleno sabor menta;Snacks;100 g;Plástico;;15
8480000124364;Hacendado;Chocolate blanco con fresa;Snacks;100 g;Plástico;;15
8413164011812;Snatt's,Grefusa;Quinoa snacks tomate y albahaca;Snacks;90 g;Metal;;10
8412147570551;Hacendado;Osi Fruit;Snacks;250g;Plástico;Green dot;15
8411327521017;Mahou;Cerveza negra;Bebidas;33 cl;Vidrio;;0
8410705033777;Fresno;Churros rellenos de crema de cacao;Lácteos;270 g (6 Uds);Plástico;;15
3215034827883;Dicar;Chucos cucuruchos crujientes con chocolate;Lácteos;125 g;Plástico;;15
3173286753063;CaoBon;Cacao instantáneo;Snacks;1 kg;Plástico;;15
2498128745916;Hacendado;Neulas barquillos al chocolate;Snacks;150 g;Plástico;;15
8480000650740;Hacendado;Golosinas con pera;Snacks;50g;Plástico;;15
5486548213587;Hacendado;Yogur al estilo griego;Lácteos;1 Kg;Plástico;;15
12027880;hacendado;avellana;Snacks;250g;Plástico;;15
8712000054526;Desperados;Ginger;Bebidas;330ml;vidrio;Green dot;0
8435063814882;Hacendado;Rega relli;Snacks;150g;Plástico;Green dot;15
5060517883836;Monster Energy;Ultra;Bebidas;2 l;Metal;Green dot;10
8480000105417;Hacendado;Leche semidesnatada;Lácteos;6 x 1,5 l;Plástico;;15
2350293002501;Entrepinares;Queso tierno;Lácteos;;Plástico;;15
8480000651587;Hacendado;Gragea regaliz;Snacks;150 g;Plástico;Green dot;15
8423565023055;;Enerdy drink sabor guaraná;Bebidas;250ml;Metal;Green dot;10
2350438002496;Hacendado;Havarti;Lácteos;300 g;Plástico;;15
2350171002142;Entrepinares;Queso Tierno de vaca;Lácteos;315;Plástico;;15
8480000363312;Hacendado;Turrón de chocolate negro crujiente;Snacks;300 g;Metal;;10
8480000244031;Hacendado;Porras fritas con aceite de girasol alto oleico;Snacks;300 g (6 uds);Plástico;;15
8480000270344;Hacendado;Tónica;Bebidas;1,5 l;Plástico;Green dot;15
8480000121042;Hacendado;Mini tabletas de chocolate negro 72% cacao;Snacks;200 g;Plástico;;15
8480000141064;Hacendado;Galletas el sabor del horno;Snacks;450 g;Plástico;;15
8428697100803;Fonteide;Agua mineral natural;Bebidas;8 l;Plástico;;15
2350294002364;Entrepinares;Queso Semicurado;Lácteos;300 g (variable);Plástico;;15
2000000020939;Hacendado;Arroz con leche;Lácteos;520 g e (2 * (2 * 130 g);Plástico;;15
2000000000982;La Muralla;"Mantecados de Aceite de Oliva &quot;La Muralla&quot;";Snacks;40 g;Plástico;;15
8480000650757;Hacendado;Golosinas con fresa;Snacks;50g;Plástico;;15
8437001211494;el Valle;Patatas fritas sabor huevo frito;Snacks;130 g;Plástico;;15
5411716124981;Hacendado;Batata prefrita ultracongelada;Snacks;450g;Plástico;;15
8480000820860;Hacendado;Palmeritas al cacao;Snacks;210 g;Plástico;;15
8480000641281;Hacendado;Granizado de café;Lácteos;1.200 ml (6 x 200 ml);Plástico;;15
8420887000061;Agua de Cortes;Agua mineral natural;Bebidas;6 l;Plástico;Green dot;15
8410376049992;Selecta;Barrita de chocolate con fibra;Snacks;210 g;Plástico;;15
8410494301385;Pepsi;Pepsi light sin cafeína;Bebidas;1,75 l;Plástico;Green dot;15
8480000133878;Hacendado;Ovos;Snacks;200 g;Plástico;Green dot;15
8410055151039;Danone;Fonter;Bebidas;6 l;Plástico;Green dot;15
16907355;Hacendado;Galletas digestive 0% azúcares;Snacks;400 g;Plástico;;15
77780683;Hacendado;Yogur al estilo GRIEGO;Lácteos;125 g;Plástico;;15
2350123003999;Montesinos;Queso cabra tierno;Lácteos;0,366 Kg;Plástico;;15
8480000224088;Hacendado;Chocolate blanco Fusión;Snacks;100 g;Plástico;Green dot;15
8480000107961;Hacendado;Leche de cabra;Lácteos;1 l;Tetra Brick;;0
8480000146267;Hacendado;Choc d'or;Snacks;150g;Cartón;;0
8480000142092;Hacendado;Galleta maría hojaldrada;Snacks;640 g (4 x 160 g);Plástico;;15
8480000335203;Hacendado;Triángulos de maíz;Snacks;150 g;Plástico;;15
8420887028003;Agua de Cortes;Agua mineral natural;Bebidas;8 l;Plástico;Green dot;15
3173286103905;CaoBon;Cacao soluble (sobres);Snacks;6 x 18 g, 108 g;Plástico;;15
8480000140418;Hacendado;Digestive avena;Snacks;385 g;Plástico;;15
8480000121882;Hacendado;Tableta de chocolate negro con almendras 55% cacao;Snacks;200 g;Plástico;;15
2350439002617;Hacendado;Havarti light;Lácteos;300 g;Plástico;;15
8480000510365;Hacendado;Queso blanco pasteurizado sabor natural;Lácteos;300 g;Plástico;;15
8480000105370;Hacendado;Leche entera;Lácteos;1,5 l;Plástico;;15
8480000121134;Hacendado;Chocolate negro 72% con pepitas de cacao;Snacks;100 g;Metal;;10
8480000121912;Hacendado;Chocolate con leche y avellanas;Snacks;150 g;Plástico;;15
8412289001319;García Baquero;Queso Fresco Natural;Lácteos;240g (4x60g);Plástico;;15
8410014308351;Cuétara;Campurrianas;Snacks;800 g;Plástico;;15
4066600941972;Paulaner;Weißbier Dunkel;Bebidas;500 ml;Vidrio;Green dot;0
8480000650290;Hacendado;Fruit mix;Snacks;250g;Plástico;Green dot;15
8480000146335;Hacendado;Cookies sin gluten;Snacks;200 g e;Plástico;;15
8410376049862;Selecta;Galletas María 0% azúcares Selecta;Snacks;200g;Plástico;;15
8410337031028;Osborne;Veterano;Bebidas;1l;vidrio;Green dot;0
8480000364074;Hacendado;Figuritas de mazapán;Snacks;200 g;Plástico;;15
8480000121936;Hacendado;Tableta de chocolate negro para cobertura 55% cacao;Snacks;200 g;Plástico;;15
8480000669193;Steinburg;Radler 0,0;Bebidas;33 cl;Metal;Green dot;10
8480000652300;Hacendado;Chickles;Snacks;12 uds;Plástico;;15
8437008021003;Bronchales;Agua mineral natural;Bebidas;1 l;Plástico;Green dot;15
8480000145208;Hacendado;Bañados en chocolate blanco;Snacks;300g (4x75g);Plástico;;15
8480000109309;hacendado;Leche fresca desnatada;Lácteos;un litro;Tetra Brick;;0
8422685000632;Hnos. Roman Alaminos;Tortas de Alcázar;Snacks;250 g;Plástico;;15
8480000335760;Hacendado;Cuquis;Snacks;80 g;Plástico;;15
8480000109293;Hacendado;Leche fresca semidesnatada;Lácteos;1 l;Plástico;;15
8480000140685;Hacendado;Galletas mini maria;Snacks;350g;Plástico;;15
8480000109286;Hacendado;Leche fresca - Entera;Lácteos;1L;Tetra Brick;;0
8480000121509;Hacendado;Gotas de Chocolate;Snacks;250 g;Plástico;;15
8480000510396;Hacendado;Queso blanco pasteurizado light;Lácteos;300 g;Plástico;;15
8480000121561;Hacendado;Chocolate negro extrafino con edulcorante;Snacks;125g;Plástico;;15
8480000141446;Hacendado;Mini galletitas espelta;Snacks;200 g;Plástico;;15
8480000140340;Hacendado;Natur active;Snacks;580 g;Plástico;;15
7317066203751;hacendado;Galletas;Snacks;300 g;Plástico;;15
8480000105363;Hacendado;Leche semidesnatada esterilizada;Lácteos;1,5 L;Plástico;;15
8480000121127;Hacendado;Chocolate negro 72% cacao;Snacks;100 g;Metal;;10
3018274815159;Dolis;Caramelos con miel y sabor a limon;Snacks;125 g;Plástico;;15
8410376046243;Selecta,Gullón;Digestive Avena;Snacks;850 g (2 x 425 g);Plástico;;15
8429359275006;Font natura;Agua Mineral Natural Sierra de Loja Granada;Bebidas;5l;Plástico;;15
8480000504012;Hacendado;Queso fresco tradicional servilleta;Lácteos;250 g;Plástico;;15
91405852;Mahou;cerveza;Bebidas;33 cl;Metal;;10
8480000640123;Hacendado;Helados de naranja;Lácteos;750 ml (10 x 75 ml), 770 g (10 x 77 g), 10 Uds;Plástico;;15
8480000655561;Hacendado;Rega black;Snacks;250 g;Plástico;;15
8480000278708;Hacendado;Té verde;Bebidas;330 ml;Metal;Green dot;10
8480000122117;Hacendado;Tableta de chocolate negro 85% cacao;Snacks;100 g;Metal;;10
8410408070307;kas;Refresco amargo sin alcohol;Bebidas;300 ml;Metal;;10
8480000650849;Hacendado;Colas;Snacks;250g;Plástico;Green dot;15
8437008030333;Bronchales;Agua mineral natural;Bebidas;330 ml;Plástico;Green dot;15
8480000667342;Hacendado;Tinto de verano sabor limón;Bebidas;2 l;Plástico;;15
8480000284235;Hacendado;Té sabor melocotón cero;Bebidas;330 ml;Metal;Green dot;10
8480000664334;1857;Doble Malta;Bebidas;330 ml;Metal;Green dot;10
8410014948618;Nocilla;Crema de leche sin aceite de palma vaso;Snacks;190 g;vidrio;;0
3018274813094;Dolis;Eucalipto y mentol;Snacks;90 g;Plástico;;15
9044400841000;Pez;Caramelo Pez;Snacks;25.5 g;Plástico;Green dot;15
3700123300175;Nestlé;Agua mineral de manantial garrafa;Bebidas;5 l;Plástico;Green dot;15
8480000650795;Hacendado;Pica Mix;Snacks;200g;Plástico;Green dot;15
8437003318603;AguaDoy;Agua mineral natural Aguadoy mineralización débil;Bebidas;6 l;Plástico;;15
8480000644190;Hacendado;Helados de fresa;Lácteos;750 ml (10 x 75 ml), 770 g (10 x 77 g), 10 Uds;Plástico;;15
8480000334169;Hacendado;Torreznos;Snacks;120 g;Plástico;Green dot;15
8480000360175;Hacendado;Turrón duro;Snacks;250g;Plástico;Green dot;15
8480000278661;Hacendado;Te sabor limón cero;Bebidas;330ml;Metal;Green dot;10
8420887000078;Agua de Cortes;Agua mineral natural;Bebidas;500 ml;Plástico;Green dot;15
8480000101365;Hacendado;Leche entera;Lácteos;6 x 1 l;Plástico;;15
8413681301236;Alhambra;Alhambra especial;Bebidas;330 ml;Metal;;10
5449000020765;Coca-Cola;Coca-Cola Light;Bebidas;2 l;Plástico;Green dot;15
8434165460966;Cuétara;Galletas cereales con fibra de salvado de trigo;Snacks;500 g;Plástico;;15
8410500003647;Danone;Activia 0% con Ciruelas;Lácteos;150 g (125 g x 4);Plástico;;15
5760466737296;Viking;Queso azul danes;Lácteos;100 g;Plástico;;15
8712000018825;Heineken;Original;Bebidas;25 cl;vidrio;Green dot;0
8710912054368;;Queso Masdam;Lácteos;400 g;Plástico;;15
8410494301361;Pepsi;Pepsi;Bebidas;1,75 l;Plástico;Green dot;15
8410500018870;Danone;Yogur natural;Lácteos;400 g (4 x 120 g);Plástico;;15
8480000667519;Steinburg;Sin;Bebidas;33 cl;Metal;Green dot;10
8411585465016;Covap;Leche Semi Desnatada;Lácteos;1 l;Tetra Brick;;0
7622210055828;El Caserio;El caserio;Lácteos;24;Metal;;10
8480000201645;Hacendado;Yogur natural sin lactosa 0%;Lácteos;;Plástico;;15
8411472416961;Kyoko;Té verde japonés;Bebidas;400 ml;Metal;;10
8480000141248;Hacendado;Digestive avena;Snacks;850 g (2 x 425 g);Plástico;;15
8480000667717;Steinburg;Shandy sabor a limón;Bebidas;33 cl;Metal;Green dot;10
50213245;Guinness;Draught Stout;Bebidas;33 cl;Metal;Green dot;10
8480000278272;Hacendado;Té sabor limón;Bebidas;1,5 l;Plástico;Green dot;15
236849030000100000000000;mercadona;Magdalenas de yogur;Snacks;300 g;Plástico;;15
8480000335265;Hacendado;Cuquitos;Snacks;100 g;Plástico;;15
8480000644008;Hacendado;Helado de chocolate trocitos;Lácteos;1000 ml, 550 g;Plástico;;15
5449000056672;Coca-Cola;Coca-Cola light sin cafeína;Bebidas;330 ml;Metal;Green dot;10
3383670000615;Chimbote;Dulce de leche;Snacks;430 g;vidrio;Green dot;0
8480000141354;Hacendado;Barquillos rellenos de chocolate;Snacks;210 g;Plástico;;15
8480000220011;Hacendado;Cuidacol;Bebidas;800 g (8 x 100);Plástico;;15
7622210055842;El Caserio;El caserio light;Lácteos;250 g (16*15,625g);Plástico;;15
8480000820334;Hacendado;Croissant con crema de cacao;Snacks;375 g;Plástico;;15
236849010000101000000000;;Magdalena 100% integral sin azucar añadido;Snacks;8 unidades;Plástico;;15
8480000208811;Hacendado;Yogur piña 0%;Bebidas;;Plástico;;15
8480000154453;Hacendado;Miel de flores cremosa;Snacks;450 g;Plástico;Green dot;15
8480000141569;Hacendado;Triángulos de trigo sarraceno;Snacks;70 g;Plástico;;15
8480000108883;Hacendado;Leche enriquecida con calcio 100% natural;Lácteos;1litro;Tetra Brick;;0
8412522000314;Birba;Nuria integral;Snacks;470g;Plástico;;15
8480000141880;Hacendado;Galletas maría;Snacks;4 x 200 g;Plástico;;15
8480000511843;Hacendado;Queso fresco Burgos natural;Lácteos;2 x 250 g;Plástico;;15
8480000205933;Hacendado;Chocolate nata;Lácteos;460g;Plástico;Green dot;15
8414100317357;Schweppes;Tónica Original;Bebidas;330 ml;Metal;Green dot;10
8480000105424;Hacendado;Leche semidesnatada Hacendado;Lácteos;1,5 l;Plástico;;15
8480000205582;Hacendado;Yogur al estilo griego natural azucarado;Lácteos;750 g;Plástico;Green dot;15
8411327122016;Mahou;Mahou Cinco Estrellas;Bebidas;33 cl;Metal;Green dot;10
8410500001360;DANONE;Yogur natural;Lácteos;960 g;Plástico;;15
8411547001085;Solán de cabras;Agua mineral natural;Bebidas;1,5 l;Plástico;Green dot;15
8410297112041;Central Lechera Asturiana;Leche entera;Lácteos;1 L;Plástico;;15
8411327022019;Mahou;Clásica;Bebidas;33cl;Metal;Green dot;10
8410109003222;Valor;Chocolate negro 0% azúcares añadidos 70% cacao;Snacks;125 g;Metal;Green dot;10
8480000141132;Hacendado;Galletas digestive fibra 23%;Snacks;400 g;Plástico;;15
8410500002961;Danone;Activia bífidus natural desnatado 0%;Lácteos;500 g (4 x 125 g);Plástico;;15
8480000511973;Hacendado;Feta;Lácteos;150 g;Plástico;;15
8480000212719;Hacendado;Mantequilla sin sal añadida;Lácteos;250g;Plástico;;15
8480000202109;Hacendado;Yogur natural 0%;Lácteos;8;Plástico;;15
8410014457271;Nocilla;Chocoleche;Snacks;380 g;vidrio;;0
8480000512215;Hacendado;Emmental gratinar;Lácteos;;Plástico;;15
8420887001006;Agua de Cortes;Agua mineral natural;Bebidas;1 l;Plástico;Green dot;15
8480000662545;Stark;Cerveza Especial;Bebidas;330 ml;Metal;;10
4008287032031;Krombacher;Pils;Bebidas;5 l;Metal;Green dot;10
8480000665546;Steinburg;Radler;Bebidas;33 cl;Metal;Green dot;10
8412091001057;La Candelaria;Chocolate a la taza;Snacks;200 g;Plástico;;15
8480000124609;Hacendado;Mini barritas chocolate negro con semillas y galleta;Snacks;130 g;Plástico;Green dot;15
232849370000100000000000;hacendado;Surtido croissant;Snacks;300g;Plástico;;15
8480000093509;Hacendado;Barritas chocolate leche;Snacks;120 g;Plástico;;15
8480000650771;Hacendado;Moras;Snacks;200g;Plástico;Green dot;15
8480000140739;Hacendado;Galletas sabor limón 0%;Snacks;259 g;Plástico;;15
8480000140029;Hacendado;Galletas digestive clásica;Snacks;800 g;Plástico;;15
8480000144157;Hacendado;Galletas canela;Snacks;500 g (2 x 250 g);Plástico;;15
236839950000100000000000;MERCADONA;Pa de pessic iogurt;Snacks;800 g;Plástico;;15
8480000650979;Hacendado;Bananas;Snacks;200 g;Plástico;Green dot;15
97338666;Herbes de Mallorca;Hierbas Morey Dulces;Bebidas;70cl;vidrio;;0
8480000320469;Hacendado;Flan con azúcar y caramelo liquido;Lácteos;130 g e flan + 60 g caramelo;Plástico;;15
2350284003142;Entrepinares;Queso semicurado cortado en cuñitas;Lácteos;300 g (variable);Plástico;;15
40608143;Pepsi;;Bebidas;330ml;Metal;;10
8436000037456;De Juan;Pan de dátil con nueces;Snacks;200 g;Plástico;;15
8480000124722;Hacendado;Osi Choc;Snacks;100g;Plástico;Green dot;15
2350293002259;Entrepinares;Queso tierno;Lácteos;;Plástico;;15
2350299003632;Entrepinares;Queso viejo de oveja reserva;Lácteos;330 g;Plástico;;15
8480000141712;Hacendado;Galleta coco;Snacks;100 g;Plástico;;15
5449000177551;Coca-Cola;Coca-Cola Zero azúcar Zero cafeína;Bebidas;2 l;Plástico;Green dot;15
3173286752158;CaoBon;Cacao soluble 0%;Snacks;450 g;Plástico;Green dot;15
8480000133151;Hacendado;Cacao a la taza en polvo 0% azúcares añadidos;Bebidas;400 g.;Plástico;;15
232849300000100000000000;PASTISART IBERIA;Bizcocho de cacao;Snacks;800 g;Plástico;;15
8410297159992;Hacendado;Leche en polvo desnatada;Bebidas;700g;Plástico;;15
7613031474936;Nestlé;Caja Roja DELICIOSO SURTIDO DE 22 BOMBONES;Snacks;200 g;Plástico;Green dot;15
8480000285898;Hacendado;Agua-fruta de frutos rojos;Bebidas;1 l;Plástico;Green dot;15
8480000110978;Hacendado;Té sabor mango piña;Bebidas;1,5 l;Plástico;Green dot;15
8480000141552;Hacendado;Triángulos de maíz con legumbres;Snacks;70 g;Plástico;;15
11239303;Natual;L'emmental frais Extra fin;Lácteos;350 g;Plástico;;15
8480000335197;Hacendado;Triángulos de maíz;Snacks;;Plástico;;15
8410490267227;James Webb;Blended scotch whisky;Bebidas;700ml;Vidrio;Green dot;0
5000299605042;Beefeater;London Dry Gin;Bebidas;70 cl;Vidrio;Green dot;0
8411144100082;Larios;London Dry Gin;Bebidas;1 l;Vidrio;Green dot;0
5000291025510;Tanqueray;Alcohol free 0.0%;Bebidas;700ml;Vidrio;Green dot;0
8480000288400;Kingerly & Sons;London dry gin;Bebidas;1 l;Vidrio;Green dot;0
8480000290724;Hacendado;Cola;Bebidas;2 l;Plástico;Green dot;15
8480000285249;Convidado de Baco;Brandy de Jerez Solera;Bebidas;700ml;Vidrio;Green dot;0
8410161711059;Cardenal Mendoza;Brandy de Jerez clásico;Bebidas;700ml;Vidrio;Green dot;0
8480000223166;Glivery;Exotic flavour gin;Bebidas;700ml;Vidrio;Green dot;0
8480000288493;Blumara;Triple distilled gin;Bebidas;700ml;Vidrio;Green dot;0
8480000288486;Glivery;Strawberry flavour gin;Bebidas;700ml;Vidrio;Green dot;0
8480000124944;Hacendado;Chocolate negro 72%;Snacks;100 g;Plástico;Green dot;15
8480000228239;Hacendado;Cherry Stick;Snacks;105g;Plástico;Green dot;15
8480000222770;Steinburg;Sin;Bebidas;250ml;Vidrio;Green dot;0
8413041318041;Falke;Tostada 0,0;Bebidas;12 x 33 cl;Metal;Green dot;10
8480000124678;Hacendado;Cherries licor chocolate negro;Snacks;145g;Plástico;Green dot;15
8480000285201;Maronti;Reserva;Bebidas;1 l;Vidrio;Green dot;0
8480000288370;Maronti;Rosso;Bebidas;1 l;Vidrio;Green dot;0
8413041318003;Falke;0,0;Bebidas;12 x 33 cl;Metal;Green dot;10
8413041318010;Falke;0,0;Bebidas;33 cl;Metal;Green dot;10
8480000664259;Steinburg;0,0 gluten free;Bebidas;33 cl;Metal;Green dot;10
8480000667588;Steinburg;Sin;Bebidas;1 l;Vidrio;Green dot;0
8411327002721;Mahou;0,0% Tostada;Bebidas;330 ml;Metal;Green dot;10
8437014231076;B&B craft beer;Celestial sin;Bebidas;330ml;Metal;Green dot;10
8480000667502;Steinburg;Sin;Bebidas;12 x 33 cl;Metal;Green dot;10
8480000702081;Wild panther;Blackberry cider;Bebidas;330 ml;Metal;Green dot;10
8480000124791;Hacendado;Chocolate con almendras enteras;Snacks;200 g;Plástico;Green dot;15
8480000336330;Hacendado;Trigo snack;Snacks;80 g;Plástico;Green dot;15
8710912029915;Holland Corona;Gouda;Lácteos;300g;Plástico;Green dot;15
7616500662032;swiss prestige;Chocolate con leche;Snacks;200 g;Plástico;Green dot;15
8425514214583;Mercadona;Berlina glacé;Snacks;200g;Plástico;Green dot;15
3215690801913;Dolis;Caramelos de cafe sin azucares;Snacks;90 g;Plástico;Green dot;15
8410569020012;Amstel;Cerveza;Bebidas;3 l;Vidrio;Green dot;0
8480000665669;Steinburg;Cerveza Clásica;Bebidas;1 l;Vidrio;Green dot;0
8480000664662;Steinburg;Cerveza clásica;Bebidas;1 l;Vidrio;Green dot;0
8480000669841;Steinburg;Cerveza clásica;Bebidas;200 ml;Vidrio;Green dot;0
4100130003868;Franziskaner;Premium Weissbier;Bebidas;355 ml;Vidrio;Green dot;0
8480000668455;1897;Grand cru;Bebidas;33 cl;Metal;Green dot;10
8480000668967;1897;IPA;Bebidas;330ml;Metal;Green dot;10
8480000670229;1897;Trigo;Bebidas;330 ml;Metal;Green dot;10
8480000669858;Steinburg;Especial;Bebidas;200 ml;Vidrio;Green dot;0
8410700005939;Ambar;Especial sin gluten;Bebidas;1.5 l;Plástico;Green dot;15
5014379002973;Budweiser;Budweiser;Bebidas;250 ml;Vidrio;Green dot;0
8436571780294;Tyris;Au Yeah!;Bebidas;330 ml;Metal;Green dot;10
5412652000225;Hélécine;Abadía tostada;Bebidas;330 ml;Metal;Green dot;10
8413194091945;Turia;Cerveza tostada;Bebidas;250 ml;Vidrio;Green dot;0
8410569005651;Amstel;Amstel Original;Bebidas;33 cl;Metal;Green dot;10
8480000667694;Steinburg;Especial;Bebidas;1 l;Vidrio;Green dot;0
5410971221901;Tongerlo;Abadía;Bebidas;330 ml;Metal;Green dot;10
8480000158482;Hacendado;Turron Crema Almendras;Snacks;200g;Plástico;Green dot;15
8480000651518;Hacendado;Regaliz & Mentol;Snacks;90 g;Plástico;Green dot;15
8480000159014;Hacendado;Turrón de Avellana;Snacks;140g;Plástico;Green dot;15
8480000667656;Steinburg;Especial;Bebidas;33 cl;Metal;Green dot;10
8480000360120;Hacendado;Turron de chocolate con cacahuete frito miel;Snacks;250g;Plástico;Green dot;15
8410109121094;Senzza;Almendrado bombones;Snacks;122g;Plástico;Green dot;15
8411547001092;Solán de Cabras;Agua mineral natural;Bebidas;9 l;Plástico;Green dot;15
8480000361257;Hacendado;Turrón de chocolate crujiente;Snacks;250g;Plástico;Green dot;15
8410034504191;Halls;Respiral eucaliptus mentol;Snacks;150 g;Plástico;Green dot;15
8480000363336;Hacendado;Turrón de yema tostada;Snacks;250 g;Plástico;Green dot;15
8480000220950;Hacendado;Turrón de chocolate crujiente;Snacks;170g;Plástico;Green dot;15
8480000220943;Hacendado;Turrón blando;Snacks;200g;Plástico;Green dot;15
8480000360397;Hacendado;Chocodiskitos;Snacks;150g;Plástico;Green dot;15
8480000361271;Hacendado;Turrón de chocolate blanco crujiente;Snacks;250g;Plástico;Green dot;15
8480000360328;Hacendado;Turrón de crema catalana;Snacks;150g;Plástico;Green dot;15
8480000158970;Hacendado;Turrón de cacahuete;Snacks;250g;Plástico;Green dot;15
8480000158987;Hacendado;Turrón de cacahuete;Snacks;250 g;Plástico;Green dot;15
8480000360281;Hacendado;Torta imperial;Snacks;150g;Plástico;Green dot;15
8480000360335;Hacendado;Turrón de yogur con arándanos y fresa;Snacks;150g;Plástico;Green dot;15
8480000159007;Hacendado;Turrón de coco;Snacks;200g;Plástico;Green dot;15
8480000361424;Hacendado;Turrón de café;Snacks;150 g;Plástico;Green dot;15
8480000360410;Hacendado;Turrón de chocolate y almendras 0% azúcares añadidos;Snacks;150g;Plástico;Green dot;15
8410152000117;Antiu Xixona;Turrón de Alicante;Snacks;175g;Plástico;Green dot;15
8410152000568;Antiu Xixona;Turrón de yema tostada;Snacks;250g;Plástico;Green dot;15
8480000360298;Hacendado;Turrón de guirlache;Snacks;150g;Plástico;Green dot;15
8480000363343;Hacendado;Turrón de fruta;Snacks;250g;Plástico;Green dot;15
8480000222664;Hacendado;Papa Noel Gigante chocolate;Snacks;180g;Plástico;Green dot;15
3173286766704;La Boutique del Praliné;Dark collection 70%;Snacks;120g;Plástico;Green dot;15
8003340098265;Lindt;Lindor leche;Snacks;225g;Plástico;Green dot;15
8410109005707;Senzza;Surtido;Snacks;470g;Plástico;Green dot;15
5413676733694;Mondose;Bombones;Snacks;188g;Plástico;Green dot;15
8480000222909;Hacendado;Cocolizze;Snacks;150g;Plástico;Green dot;15
5601055317225;Imperial;Pintarolas chocolate con leche;Snacks;200g;Plástico;Green dot;15
8480000121714;Hacendado;Barritas choco milk;Snacks;200g;Plástico;Green dot;15
8480000124876;Hacendado;Chocolate fusión sabor a fresa;Snacks;100g;Plástico;Green dot;15
8480000125309;Hacendado;Choco fundir 0% azúcares añadidos 70% cacao;Snacks;200 g;Plástico;Green dot;15
8480000650382;Hacendado;Momento dulce extra tiernas;Snacks;200g;Plástico;Green dot;15
4014400900880;Storck,Werther's Original;Werther's Original;Snacks;150 g;Plástico;Green dot;15
8421699222054;Hacendado;Piruleta Halloween;Snacks;50g;Plástico;Green dot;15
8480000124227;Hacendado;Surtido chocolate Halloween;Snacks;250g;Plástico;Green dot;15
8480000124968;Hacendado;Chocolate negro 72% con pepitas de cacao tostadas;Snacks;100 g;Plástico;Green dot;15
8480000124760;Hacendado;Chocolate blanco;Snacks;100 g;Plástico;Green dot;15
8410719001557;Pifarré;Caramelos de miel sabor limón;Snacks;125 g;Plástico;Green dot;15
8410034548157;Halls;Respiral regaliz mentol;Snacks;150 g;Plástico;Green dot;15
8416400906132;Halls;Original;Snacks;128 g;Plástico;Green dot;15
8480000333247;Hacendado;Bolitas sabor bbq;Snacks;125g;Plástico;Green dot;15
8480000651396;Hacendado;Chickles hierbabuena;Snacks;31g;Plástico;Green dot;15
8480000837967;Hacendado;Anitines Pizza;Snacks;160g;Plástico;Green dot;15
8480000154514;Hacendado;Miel de eucalipto;Snacks;500 g;Plástico;Green dot;15
8480000154484;Hacendado;Miel de naranjo;Snacks;500 g;Plástico;Green dot;15
8480000154491;Hacendado;Miel de romero;Snacks;500 g;Plástico;Green dot;15
3215690801906;Dolis;Caramelos de nata sin azúcares;Snacks;90 g;Plástico;Green dot;15
8480000651792;Hacendado;Water melon con pica;Snacks;200 g;Plástico;Green dot;15
3664346314930;Dulciora;Pikotas;Snacks;100g;Plástico;Green dot;15
8480000120281;Hacendado;Perlas de chocolate negro rellenas;Snacks;150 g;Plástico;Green dot;15
8410109114157;Senzza;Bombones 70% negro;Snacks;180g;Plástico;Green dot;15
8480000124296;Hacendado;Delizze;Snacks;216g;Plástico;Green dot;15
7613037985276;Nestlé;Lion snack size;Snacks;90g;Plástico;Green dot;15
7613037006438;Nestlé;Lion white snack size;Snacks;90g;Plástico;Green dot;15
8480000290595;Hacendado;Cola;Bebidas;500ml;Plástico;Green dot;15
8480000124210;Hacendado;Huevo de chocolate con sorpresa;Snacks;50g;Plástico;Green dot;15
8480000123626;Hacendado;Huevos de chocolate con sorpresa;Snacks;60g;Plástico;Green dot;15
8718800005416;Hacendado;Monedas de chocolate;Snacks;70 g;Plástico;Green dot;15
8008245003581;Hacendado;Choco snack;Snacks;110g;Plástico;Green dot;15
8410109102246;Valor;Tokke original;Snacks;141g;Plástico;Green dot;15
8410055151022;Danone;Fonter Original;Bebidas;1 l;Plástico;Green dot;15
7622201108403;Cadbury;Crunchie Rocks;Snacks;110g;Plástico;Green dot;15
7622201119218;Cadbury;Bites;Snacks;110g;Plástico;Green dot;15
8480000124739;Hacendado;Chocolate bajo en lactosa;Snacks;125 g;Plástico;Green dot;15
8480000124784;Hacendado;Chocolate con almendras troceadas;Snacks;100 g;Plástico;Green dot;15
8480000106483;Hacendado;Leche entera;Lácteos;1 l;Tetra Brick;;0
7480046066483;Hacendado;Leche entera;Lácteos;1 l;Tetra Brick;;0
8480000103796;Hacendado;Leche entera;Lácteos;1 l;Tetra Brick;;0
8480000102294;Hacendado;Leche semidesnatada;Lácteos;1 l;Tetra Brick;;0
8480000107831;Hacendado;Leche entera;Lácteos;200 ml;Tetra Brick;;0
8410109003208;Valor;Chocolate con leche 0% azúcares añadidos con almendras mediterráneas enteras;Snacks;150 g;Plástico;Green dot;15
8480000124937;Hacendado;Chocolate negro 85% cacao;Snacks;200 g;Plástico;Green dot;15
8410109000078;Valor;Chocolate con leche con almendras enteras;Snacks;250 g;Plástico;Green dot;15
8410117000169;Lindt;Chocolate con leche;Snacks;125 g;Plástico;Green dot;15
8480000124982;Hacendado;Chocolate negro 72% trozos de naranja;Snacks;100 g;Plástico;Green dot;15
8480000124975;Hacendado;Chocolate negro 72% con arándanos y sésamo;Snacks;100 g;Plástico;Green dot;15
8480000124890;Hacendado;Fusion sabor a menta;Snacks;100 g;Plástico;Green dot;15
8480000125231;Hacendado;Chocolate 0% azúcares;Snacks;125 g;Plástico;Green dot;15
8007640982941;Enervit sport;Gel energetico;Bebidas;96g;Plástico;Green dot;15
8480000290618;Hacendado;Cola zero azúcar;Bebidas;500 ml;Plástico;Green dot;15
3215690801937;Dolis;Caramelos blandos rellenos;Snacks;300 g;Plástico;Green dot;15
8480000653116;Hacendado;Fruits;Snacks;300 g;Plástico;Green dot;15
8480000651181;Hacendado;Chickles fresa;Snacks;62 g;Plástico;Green dot;15
8480000511188;Hacendado;4 quesos;Lácteos;180 gr;Plástico;;15
8480000510211;Hacendado;Queso batido;Lácteos;480 (4×120g);Plástico;;15
8480000154088;Hacendado;Miel de castaño y brezo;Snacks;450 g;Plástico;;15
8480000348111;Hacendado;Palomitas caramelo;Snacks;120 g;Plástico;Green dot;15
8480000149268;Hacendado;Cocktail;Snacks;300 g;Plástico;Green dot;15
8480000335739;Hacendado;Garfitos;Snacks;80g;Plástico;Green dot;15
8480000285775;Hacendado;Iso on red;Bebidas;500 ml;Plástico;Green dot;15
8480000335982;Hacendado;The chips;Snacks;176 g;Plástico;Green dot;15
5449000096203;Coca-cola;Coca-Cola Zero azúcar Zero cafeína;Bebidas;4 l;Plástico;Green dot;15
5449000034298;Coca-Cola;Coca-Cola;Bebidas;4 l;Plástico;Green dot;15
8414100306559;Schweppes;Ginger ale;Bebidas;330 ml;Metal;Green dot;10
8480000280930;Hacendado;Tónica;Bebidas;1,2 l;Plástico;Green dot;15
8480000290649;Hacendado;Fresh gas lima-limón zero azúcar;Bebidas;2 l;Plástico;Green dot;15
8480000290793;Hacendado;Fresh gas lima-limón;Bebidas;2 l;Plástico;Green dot;15
5000112626469;Coca-Cola;Coca-Cola Zero Azúcar;Bebidas;500 ml;Plástico;Green dot;15
5000112642896;Coca-Cola;Coca-Cola;Bebidas;500 ml;Plástico;Green dot;15
5449000144607;Coca-Cola;Aquarius naranja;Bebidas;2,64 l;Plástico;Green dot;15
8480000279736;Hacendado;Gaseosa 0 azúcares;Bebidas;1,5 l;Plástico;Green dot;15
8410055150070;Danone;Font Vella;Bebidas;9 l;Plástico;Green dot;15
8410128160036;Bezoya;Agua mineral natural;Bebidas;9 l;Plástico;Green dot;15
2350163002105;Entrepinares;Light lonchas;Lácteos;8;Plástico;Green dot;15
8480000141668;hacendado;Galletas Biscoito;Snacks;180 g;Plástico;;15
8480000681409;Hacendado;Natillas sabor fresa;Lácteos;500 g;Plástico;;15
37360320;Hacendado;Queso sin lactosa;Lácteos;200 g;Plástico;;15
8480000200303;Hacendado;Yogur sabor coco;Lácteos;500 g (4x125g);Plástico;;15
8480000108463;Hacendado;Leche omega 3;Lácteos;1 l;Tetra Brick;;0
8480000203960;Hacendado;Bifidus 0% muesli cereales;Lácteos;125 g;Plástico;;15
8480000124838;Hacendado;Chocolate extrafino negro avellanas;Snacks;100 g;Plástico;;15
8480000681393;Hacendado;Natillas chocolate 0,9%;Lácteos;500 g;Plástico;;15
8480000207234;Hacendado;Yogur natural azucarado;Lácteos;125 g;Plástico;;15
8480000363114;Hacendado;Turrón de chocolate negro crujiente;Snacks;250 g;Plástico;;15
8480000106681;Hacendado;Leche semidesnatada +proteinas;Lácteos;1 l;Tetra Brick;;0
